"Species","new.code","family","group","nat.inv","appendage.type","appendage","disp.cat.all","disp.cat.nat","site","morph.mass.mg","chem.mass.mg","set.time.mpsec","prop.C","prop.N","height.cm","shape","size.mm","coat.perm.perc","E.S","coat.thick","fruit.thick","both.thick","coat.thick.per.width","wing.loading","ldd.all","ldd.natural","mucilage","fleshy.end","starchy.end","smooth.coarse","AI","oil.prop.kew","prot.prop.kew","carb.prop.kew"
"Abronia villosa","ABRVIL","Nyctaginaceae","forb","native","flat appendage","wing","wind","wind","SS",213.86,19.27,215.7991285,0.422656153370439,0.0299134199134199,80,0.007755004,10.8171876,240.422910315407,2.11777771762598,0.012,0,0.012,0.00136418791411132,0.939910393744136,5,5,0,1,1,1,NA,NA,NA,NA
"Achyrachaena mollis","ACHMOL","Asteraceae","forb","native","flat appendage","pappus","wind","wind","MCL",40.295,36.535,208.26234907,0.490353708791209,0.0354567307692308,14.25,0.1509196895,10.220047575,82.880002198149,1,0,0.0306,0.0306,0.0244864458119955,0.398565083077777,5,5,0,0,NA,1,0.5527,NA,NA,NA
"Achyronychia cooperi","ACHCOO","Caryophyllaceae","forb","native","no appendage","none","unassisted","unassisted","CBG",1.2428,1.2428,162.19225472,0.420037792894936,0.0268556311413454,10,0.055025189,0.92617447,48.9436696635592,1.46956611585424,0.006,0,0.006,0.0128948236502843,1.07046812049812,1,1,0,1,1,0,0.0585,NA,NA,NA
"Acmispon americanus","ACMAME","Fabaceae","forb","native","no appendage","none","unassisted","unassisted","HED",51.31,51.31,279.52955156,0.44360827927093,0.078736484399135,16.75,0.037032266,2.7541505,23.2090582806423,1,0.0216,0,0.0216,0.014593543465045,3.50883186863481,1,1,0,1,0,0,NA,0.07,0.48,0.45
"Acmispon maritimus var. brevivexillus","ACMMAR","Fabaceae","forb","native","no appendage","none","unassisted","unassisted","GRIN",23.15,23.15,287.16328206,0.465489073881374,0.0611576482830385,3.94,0.029657746,2.1293152,69.298378627201,0.980614067593081,0.0436,0,0.0436,0.0351383919927148,2.47688403836652,1,1,0,0,0,0,0.2017,NA,NA,NA
"Acmispon strigosus","ACMSTR","Fabaceae","forb","native","no appendage","none","unassisted","unassisted","CBG",15.7,15.7,280.78185676,0.437846200980392,0.0479779411764706,26.5,0.011443142,1.60418735,16.9290472594191,0.967704181471898,0.0302,0,0.0302,0.0254287848860194,2.56242970720794,1,1,0,0,0,1,0.1598,NA,NA,NA
"Acmispon wrangelianus","ACMWRA","Fabaceae","forb","native","no appendage","none","ant","ant","MCL",23.06,23.06,237.2913509,0.436077217801356,0.0528824049513705,8.91916666675,0.033233962,2.344241,28.9427282017462,0.976977100229508,0.0414,0,0.0414,0.0316688133634437,2.2615948959432,3,3,0,0,1,0,0.5647,NA,NA,NA
"Aegilops triuncialis","AEGTRI","Poaceae","grass","invasive","elongated appendage","awn","human","adhesive","SFREC",504.95,125.8,372.3381325,0.421786667697619,0.0333363257143381,47.8333333333333,0.1263648505,7.3794839,49.457598258894,0.344965005060317,0,0,0.021,0.0154741433924033,1.59646729593983,7,6,0,0.5,1,1,0.4725,0.03,0.23,0.74
"Agoseris heterophylla","AGOHET","Asteraceae","forb","native","elongated appendage","plume","wind","wind","MCL",4.1812,4.1812,173.120060794,0.424710335747202,0.0384002633311389,17.9733333333333,0.151317905,2.9912335,100.065554070011,1,0,0.0686,0.0686,0.131188431796435,0.238834051141652,5,5,0,NA,NA,1,0.4412,NA,NA,NA
"Aliciella latifolia","ALILAT","Polemoniaceae","forb","native","no appendage","none","unassisted","unassisted","CBG",0.556,0.556,122.776924834,0.404399872652022,0.0352403693091372,20,0.02292827,0.73119042,101.28863003991,0.912852495691057,0.0042,0,0.0042,0.00846222766813585,0.534202405063777,1,1,0,1,0,0,0.0325,NA,NA,NA
"Amaranthus fimbriatus","AMAFIM","Amaranthaceae","forb","native","no appendage","none","animal","animal","GRIN",1.621,1.621,180.3728417,0.439505141388175,0.0354916452442159,65,0.020300871,0.77328926,25.1490512637735,2.64460066383593,0.009,0,0.009,0.0176603012792455,1.20750203658888,6,6,0,1,1,0,0.1788,NA,NA,NA
"Amaranthus hybridus","AMAHYB","Amaranthaceae","forb","native","no appendage","none","human","animal","GRIN",4.8303,4.8303,252.7423062,0.428009198423127,0.0222207621550591,59.6875,0.038366384,1.07241265,44.5444407197125,2.64848461891273,0.0168,0,0.0168,0.0289395270513004,1.96179102199333,7,6,0,0,1,0,0.2403,NA,NA,NA
"Amaranthus palmeri","AMAPAL","Amaranthaceae","forb","native","no appendage","none","animal","animal","GRIN",3.3968,3.3968,239.12091812,0.44097211363044,0.0293015376596299,100,0.028519062,0.972704825,25.8426267202196,2.59113769893384,0.0118,0,0.0118,0.0204829312782727,1.64641564437639,6,6,0,1,1,0,0.073075,0.08,0.16,0.76
"Amaranthus torreyi","AMATOR","Amaranthaceae","forb","native","no appendage","none","animal","animal","GRIN",3.5405,3.5405,255.8364196,0.426734757041164,0.0268740328071804,40,0.020382681,0.966057675,25.8163532957642,2.7713545253299,0.0134,0,0.0134,0.0200254041679501,1.52788092034869,6,6,0,1,1,0,0.2403,NA,NA,NA
"Amsinckia intermedia","AMSINT","Boraginaceae","forb","native","no appendage","none","animal","animal","GRIN",19.38,19.38,268.56270552,0.404198128428525,0.0269474023878671,70.12,0.025141635,2.262259,63.2042757853967,1,0.0158,0.1224,0.1382,0.0968513364222976,2.10734924020273,6,6,0,NA,NA,1,0.1581,NA,NA,NA
"Amsinckia menziesii","AMSMEN","Boraginaceae","forb","native","no appendage","none","ant","ant","SFREC",27.17,27.17,284.84172636,0.480205328578311,0.0167060755336617,38.2825,0.033777884,3.20837495,77.0240301440855,1,0.0154,0.1144,0.1298,0.0716151404558839,1.57408226108707,3,3,0,NA,NA,1,0.5161,NA,NA,NA
"Amsinckia tessellata","AMSTES","Boraginaceae","forb","native","no appendage","none","animal","animal","SS",37.94,37.94,284.88259656,0.464065547128927,0.0364707475622969,26.725,0.046819328,3.37898595,54.4957788671024,1,0.0166,0.0768,0.0934,0.0579027129032848,2.19449238863394,6,6,0,NA,NA,1,NA,NA,NA,NA
"Anagallis arvensis","ANAARV","Primulaceae","forb","invasive","no appendage","none","human","unassisted","MCL",3.7639,3.7639,280.03193518,0.505330016583748,0.0229850746268657,11.72332445,0.009227476,1.174336,31.5305685503771,0.812076126720362,0.0264,0,0.0264,0.0282341635432267,1.20970685311611,7,1,0,0,1,1,0.5527,0.19,0.15,0.66
"Ancistrocarphus filagineus","ANCFIL","Asteraceae","forb","native","no appendage","none","adhesive","adhesive","MCL",3.5959,3.5959,232.40888824,0.496955562559092,0.0572486605735897,3.4,0.074514625,1.9897243,79.4233512332048,0.999793708096957,0,0.0084,0.0084,0.0100293071877573,0.842587186509367,6,6,0,NA,NA,0,0.5647,NA,NA,NA
"Anisocoma acaulis","ANIACA","Asteraceae","forb","native","elongated appendage","hairs","unassisted","unassisted","CBG",9.6502,9.6502,194.29385868,0.53027428202646,0.0253694740238787,20,0.134011491,4.4624773,24.0129459567716,1,0,0.0628,0.0628,0.0629840456798812,0.774555724846652,1,1,0,NA,NA,1,0.1272,NA,NA,NA
"Anoda pentaschista","ANOPEN","Malvaceae","forb","native","no appendage","none","unassisted","unassisted","GRIN",54.3,49.8505,258.50210328,0.485167548500882,0.0342092886537331,75,0.007611201,2.75858205,32.3145735297746,0.921822166138116,0.0154,0.099,0.1144,0.0526845616411904,3.22962271333344,2,2,0,1,0,1,0.1884,NA,NA,NA
"Antirrhinum coulterianum","ANTCOU","Plantaginaceae","forb","native","no appendage","none","wind","wind","CBG/SS",1.3504,1.3504,136.77744092,0.59484762979684,0.0235214446952596,81,0.02802165,1.0857069,11.1538747664362,0.826181081228858,0.0822,0,0.0822,0.117400023097241,0.600046236975144,5,5,0,1,0,1,0.1572,NA,NA,NA
"Antirrhinum multiflorum","ANTMUL","Plantaginaceae","forb","native","no appendage","none","wind","wind","CBG",1.465,1.465,144.390825,0.611231527093596,0.0176724137931034,90,0.023294972,1.08127562,26.1630355064387,0.83608398861427,0.0818,0,0.0818,0.111872364409156,0.657856957630797,5,5,0,1,0,1,0.2113,NA,NA,NA
"Argemone munita","ARGMUN","Papaveraceae","forb","native","no appendage","none","animal","animal","CBG",29.41,29.41,245.56233782,0.549022004889976,0.0277750611246944,105,0.00191025,2.0074501,20.0469151763269,0.956948188348983,0.108,0,0.108,0.0592973657474696,2.84610593289507,6,6,0,0,0,0,0.0284,NA,NA,NA
"Aristida adscensionis","ARIADS","Poaceae","grass","native","elongated appendage","awn","adhesive","adhesive","CBG",9.3647,6.4933,176.13605706,0.403088803088803,0.0292307692307692,36.8666667,0.147301944,18.838125,52.5639649838493,0.5424531436335,0,0,0.0158,0.00451318810693811,0.217102940636577,6,6,0,0,1,0,0.1894,NA,NA,NA
"Astragalus didymocarpus","ASTDID","Fabaceae","forb","native","no appendage","none","wind","wind","CBG",11.47,12.1586,235.77040092,0.418877887788779,0.0527782778277828,21,0.060288096,2.0340389,115.391348570847,1,0.0194,0,0.0194,0.0239223637909622,1.23546260663997,5,5,0,0,0,1,0.1294,NA,NA,NA
"Astragalus didymocarpus","ASTDID","Fabaceae","forb","native","no appendage","none","wind","wind","CP",16.6444444444444,12.7213,210.18963508,0.353631809643081,0.0368691296180338,23.75,0.04838153,1.80581865,69.7043228485146,1,0.015,0,0.015,0.0180047412245161,1.38126397518953,5,5,0,0,0,1,0.2077,NA,NA,NA
"Astragalus gambelianus","ASTGAM","Fabaceae","forb","native","balloon structure","balloon","unassisted","unassisted","MCL",18.51,13.0888,233.82461204,0.429805877595039,0.0535211647344298,8.30333333333333,0.048422553,2.01852885,67.6963216203868,0.974991007368311,0.03,0,0.03,0.0317830154044754,1.13169890088742,1,1,0,0,0,1,0.5647,NA,NA,NA
"Athysanus pusillus","ATHPUS","Brassicaceae","forb","native","balloon structure","balloon","unassisted","unassisted","MCL",8.1267,3.8082,141.247947732,0.450639147802929,0.0253328894806924,16.6,0.081027416,2.74528775,147.402699419856,1,0.011,0.0316,0.0426,0.0471229914834264,0.658565191900518,1,1,0,1,1,0,0.5647,NA,NA,NA
"Atrichoseris platyphylla","ATRPLA","Asteraceae","forb","native","no appendage","none","unassisted","unassisted","CBG",10.2651,10.2651,177.52268186,0.497110277136259,0.0207303695150115,100,0.085888468,3.5141453,254.574021425151,1,0,0.293,0.293,0.220393996768407,0.686815006557631,2,2,0,NA,0,0,0.0322,NA,NA,NA
"Atriplex elegans var. fasciculata","ATRELE","Chenopodiaceae","forb","native","flat appendage","","ant","ant","CBG",9.3992,9.3992,151.9064163,0.350516188149053,0.0214752596212584,29.385,0.08225322,2.7253461,74.0799028626845,2.6780989705155,0.0086,0.0174,0.026,0.0260761985636327,0.659903021103599,3,3,0,1,1,1,0.0282,NA,NA,NA
"Avena barbata","AVEBAR","Poaceae","grass","invasive","elongated appendage","hairs","human","adhesive","SFREC",128.11,76.91,179.79572516,0.43845549003089,0.0315641673687167,70,0.161832388,17.801163,55.7398746858751,0.23739629614958,0,0,0.048,0.0183899006037366,1.59329222852469,7,6,0,1,1,1,0.4725,0.11,0.17,0.73
"Avena fatua","AVEFAT","Poaceae","grass","invasive","elongated appendage","hairs","human","adhesive","MCL/SFREC",234.36,123.69,222.42233626,0.425810376861632,0.0177722674339734,66.00384,0.136734249,14.840948,53.9233688196959,0.342004432200919,0,0,0.0406,0.0126894351388587,2.47972423367284,7,6,0,1,1,1,0.5245,0.12,0.15,0.74
"Boerhavia erecta","BOEERE","Nyctaginaceae","forb","native","no appendage","none","adhesive","adhesive","GRIN",38.9,38.9,240.10837566,0.387755102040816,0.0164795918367347,35,0.072226415,3.8243475,448.310278806257,2.17989723584696,0.0136,0.0884,0.102,0.06204112755005,2.20646109437339,6,6,1,0,1,0,0.1915,NA,NA,NA
"Boerhavia triquetra var. intermedia","BOETRI","Nyctaginaceae","forb","native","no appendage","none","adhesive","adhesive","CBG",24.02,24.02,249.61193388,0.431299035369775,0.0178906752411576,35,0.060696133,2.840564,870.42125759897,2.19921161721839,0.0134,0.0836,0.097,0.0715325570108949,2.10670079954645,6,6,1,0,1,1,0.028,NA,NA,NA
"Bouteloua barbata","BOUBAR","Poaceae","grass","native","elongated appendage","awn","adhesive","adhesive","CBG",1.3982,1.2306,118.225341258,0.436538583677358,0.035261987932677,16.5,0.043688941,2.8184068,46.098062336901,0.802768739085098,0,0,0.0066,0.00420720939752889,0.201082746168455,6,6,0,1,1,1,0.0277,NA,NA,NA
"Brassica nigra","BRANIG","Brassicaceae","forb","invasive","no appendage","none","human","wind","MCL",11.1442,11.1442,250.53970992,0.537833433916717,0.0466173808086904,111.864150266667,0.002478588,1.3427317,55.9397227898735,1,0.0264,0,0.0264,0.0219830602201787,2.32652859036877,7,5,0,1,0,0,0.4461,0.31,0.33,0.36
"Brassica tournefortii","BRATOU","Brassicaceae","forb","invasive","no appendage","none","human","unassisted","MD",17.1,17.1,247.02321438,0.502622031662269,0.0371108179419525,56.6833333,5.01e-05,1.4756752,706.274571996199,1,0.0292,0,0.0292,0.0200891905019408,2.64896919778617,7,2,1,1,0,0,0.0923,0.29,0.26,0.45
"Bromus diandrus","BRODIA","Poaceae","grass","invasive","elongated appendage","awn","adhesive","adhesive","SAC",134.67,98.11,264.13438706,0.424423756019262,0.0138523274478331,51.1051471666667,0.191732042,71.4904825,91.7027229779358,0.167432633752426,0,0,0.0294,0.00546040044236673,0.707002988763656,6,6,0,0,1,1,0.2554,NA,NA,NA
"Bromus hordeaceus","BROHOR","Poaceae","grass","invasive","elongated appendage","awn","human","adhesive","MCL/SFREC",22.14,15.9831,192.8669341,0.403233106013639,0.0187755734655921,35.847083325,0.16111001,14.05215,188.983910247907,0.160787258517224,0,0,0.0206,0.00986960479371496,0.414180864365158,7,6,0,0,1,1,0.5186,NA,NA,NA
"Bromus madritensis","BROMAD","Poaceae","grass","invasive","elongated appendage","awn","human","adhesive","MCL/SFREC",26.31,21.38,157.45490956,0.421442768985568,0.0278762429675667,22.56371428,0.186234022,31.968532,165.537886824649,0.211347835075268,0,0,0.0238,0.00907211857792635,0.408813109416661,7,6,0,0,1,1,0.5126,NA,NA,NA
"Bromus rubens","BRORUB","Poaceae","grass","invasive","elongated appendage","awn","adhesive","adhesive","MD",25.57,19.5,233.2743141,0.414824644549763,0.0239210110584518,31.7965,0.174692249,30.098456,151.325200081602,0.188980760522758,0,0,0.0124,0.00363399589088845,0.349611721796028,6,6,0,0,1,1,0.0909,0.02,0.18,0.8
"Bromus tectorum","BROTEC","Poaceae","grass","invasive","elongated appendage","awn","human","adhesive","MD",32.49,27.31,174.01834408,0.416317073170732,0.0198834688346883,29.89334547,0.180333313,23.25407,114.802397724722,0.215272697406205,0,0,0.0152,0.00684635310759796,0.624146044687966,7,6,0,0,1,1,0.0909,0.01,0.14,0.85
"Calandrinia menziesii","CALMEN","Montiaceae","forb","native","no appendage","none","human","animal","MCL",3.3303,3.3303,155.10437074,0.478072449318711,0.0325623130608176,8.44845238,0.031736611,1.56430445,66.1751546153681,2.50865580675762,0.0136,0,0.0136,0.0154219499366084,0.702219948293519,7,6,0,0,1,0,0.5486,NA,NA,NA
"Calycadenia multiglandulosa","CALMUL","Asteraceae","forb","native","elongated appendage","pappus","adhesive","adhesive","SFREC",9.4704,9.4704,233.23818546,0.507694085706113,0.0455950887817901,12.975,0.0826992525,2.71426745,60.6450701010434,1,0,0.06371,0.06371,0.0604825740322263,0.997310269326957,6,6,0.5,NA,NA,0,0.6072,NA,NA,NA
"Calycadenia pauciflora","CALPAU","Asteraceae","forb","native","no appendage","none","wind","wind","MCL",9.496,9.496,126.42160496,0.452674212946587,0.0278705341351256,30,0.068273922,3.1020199,64.4523153882803,1,0.0098,0.0514,0.0612,0.0442639619167916,0.796371738410736,5,5,0,NA,NA,0,0.5647,NA,NA,NA
"Calyptridium monandrum","CALMON","Montiaceae","forb","native","no appendage","none","unassisted","unassisted","CBG",0.9723,0.9723,125.75855656,0.442879161528977,0.0249599260172626,9.75,0.001331946,0.68687585,1.9527731273135,2.65876258894462,0.0142,0,0.0142,0.0224081371710014,0.754290495570485,1,1,0,1,1,0,0.1911,NA,NA,NA
"Camissonia campestris","CAMCAM","Onagraceae","forb","native","no appendage","none","unassisted","unassisted","CP",0.5845,0.5845,134.78113238,0.510852917876947,0.0370266701874835,15,0.056121005,0.87299701,2.25875256143366,1,0.016,0,0.016,0.036842355039782,0.548746467790807,1,1,0,NA,NA,0,0.2142,NA,NA,NA
"Camissoniopsis ignota","CAMIGN","Onagraceae","forb","native","no appendage","none","unassisted","unassisted","CBG",0.9753,0.9753,137.55314534,0.505997171145686,0.0338613861386139,55,0.054648543,1.0812756,10.9685691504487,1,0.0196,0,0.0196,0.0359587336838393,0.575618833034772,2,2,0,NA,NA,0,0.1294,NA,NA,NA
"Camissoniopsis pallida","CAMPAL","Onagraceae","forb","native","no appendage","none","unassisted","unassisted","CBG/SS",1.046,1.046,145.52770656,0.469172710179962,0.0276121407467096,60,0.056860143,1.1388845,30.7036315342996,1,0.0126,0,0.0126,0.0223882562153264,0.570040543724944,2,2,0,NA,NA,0,0.16965,NA,NA,NA
"Capsella bursa-pastoris","CAPBUR","Brassicaceae","forb","invasive","no appendage","none","other insect","other insect","CP",0.8768,0.8768,165.27935254,0.538307329997056,0.0423138062996762,18.41363636,0.041062951,0.97935202,59.7735910356954,0.972067646459588,0.0068,0,0.0068,0.0121784445149799,0.521108297501393,3,3,1,1,0,0,0.1893,0.31,0.28,0.41
"Capsella bursa-pastoris","CAPBUR","Brassicaceae","forb","invasive","no appendage","none","other insect","other insect","SAC",1.1644,1.1644,160.64642052,0.534139864266745,0.0384715255237533,18.41363636,0.043275953,1.09457,87.2568945071125,0.977642472200668,0.0072,0,0.0072,0.0117735341091547,0.580855957400172,3,3,1,1,0,0,0.2569,0.31,0.28,0.41
"Carduus pycnocephalus","CARPYC","Asteraceae","forb","invasive","nutrient-containing appendage","elaiosome","wind","wind","SFREC",68.99,68.99,271.86181726,0.606386870458532,0.0279027812578301,43.0083333333333,0.101609495,5.3709261,56.4752795903404,1,0,0.0922,0.0922,0.059107376049204,2.4700625129536,5,5,1,0,0,0,0.4725,NA,NA,NA
"Castilleja attenuata","CASATT","Orobanchaceae","forb","native","no appendage","none","wind","wind","MCL",1.036,1.036,141.24007102,0.58631037212985,0.0429493269992082,17.1,0.027432836,1.14774736,25.982927057989,0.924321322041963,0.0154,0,0.0154,0.0206854461056216,0.418029863666097,5,5,0,1,0,1,0.5647,NA,NA,NA
"Castilleja exserta","CASEXS","Orobanchaceae","forb","native","balloon structure","balloon","wind","wind","CBG",1.194,1.194,110.4108705,0.497884127294026,0.0270257115276151,14.6769230766667,0.014810386,1.4934011,46.6501361090527,0.962876560502048,0.0116,0,0.0116,0.0104705971055677,0.257239282170551,5,5,0,1,0,1,0.2047,NA,NA,NA
"Caulanthus anceps","CAUANC","Brassicaceae","forb","native","no appendage","none","unassisted","unassisted","CBG",1.519,1.519,184.40637358,0.532682634730539,0.0514071856287425,92.5,0.034245535,1.07241262,79.7727463736957,1,0.0282,0,0.0282,0.0432897641813123,0.740057187955739,2,2,1,NA,NA,0,0.1893,NA,NA,NA
"Caulanthus heterophyllus","CAUHET","Brassicaceae","forb","native","no appendage","none","unassisted","unassisted","CBG",3.4649,3.4649,194.82387222,0.581047087980173,0.033045229244114,72.5,0.048293326,1.68395375,98.1850390628952,1,0.0136,0,0.0136,0.0174373188009351,0.707515524390214,2,2,1,NA,NA,0,0.2955,NA,NA,NA
"Caulanthus lasiophyllus","CAULAS","Brassicaceae","forb","native","no appendage","none","unassisted","unassisted","CP",2.256,2.256,174.35226876,0.53607391699485,0.0478521660102999,60,0.040406623,1.17433606,80.8227665664281,1,0.0328,0,0.0328,0.0486949255196268,0.889442670333988,2,2,1,NA,NA,0,0.1976,NA,NA,NA
"Centaurea melitensis","CENMEL","Asteraceae","forb","invasive","elongated appendage","pappus","animal","animal","MCL",14.81,13.9167,195.8421299,0.538514588859416,0.0310132625994695,57.7619047666667,0.07425439,2.8671528,37.4500695891558,1,0.0348,0.0242,0.059,0.0487688832702727,0.525018339837132,6,6,0,1,NA,0,0.5603,NA,NA,NA
"Centaurea solstitialis","CENSOL","Asteraceae","forb","invasive","elongated appendage","pappus","human","adhesive","MCL",16.34,16.1888,220.84317698,0.479679370185762,0.0173267763091495,73.375,0.0801827785,2.8793392,40.3510409129778,1,0,0.0396,0.0396,0.0392423442364052,1.15339681921534,7,6,0,1,0,0,0.5647,NA,NA,NA
"Chaenactis artemisiifolia","CHAART","Asteraceae","forb","native","no appendage","none","wind","wind","CBG/SS",5.6113,5.6113,163.71931232,0.551032591158438,0.0291932881574701,57.5,0.132337331,4.6973444,78.3180679775854,1,0,0.0208,0.0208,0.0193955206940135,0.438924074465703,5,5,0,NA,NA,1,0.2261,NA,NA,NA
"Chaenactis carphoclinia","CHACAR","Asteraceae","forb","native","elongated appendage","pappus","wind","wind","CBG",2.918,2.918,127.13520242,0.48419835234474,0.0343187579214195,60.96,0.14557389,4.1611383,89.1641521514009,1,0,0.0282,0.0282,0.0355508118614099,0.416034511873465,5,5,0,NA,NA,1,0.0486,NA,NA,NA
"Chaenactis fremontii","CHAFRE","Asteraceae","forb","native","elongated appendage","pappus","wind","wind","DW/GRIN",6.9741,4.16115,147.1473908,0.515071366152054,0.0334867462860472,20,0.180275123,5.8007772,70.9634315069268,1,0,0.045,0.045,0.0781128735188367,0.78451960505955,5,5,0,NA,NA,1,0.06355,NA,NA,NA
"Chaenactis glabriuscula","CHAGLA","Asteraceae","forb","native","flat appendage","pappus","wind","wind","CP",6.0824,6.0824,188.27784136,0.519667940052895,0.0328827505142521,13.8875,0.165846191,5.031718591,118.109070076348,1,0,0.0194,0.0194,0.0283268907835656,0.164037483956695,5,5,0,NA,NA,1,0.1874,NA,NA,NA
"Chaenactis stevioides","CHASTE","Asteraceae","forb","native","elongated appendage","pappus","wind","wind","SD",5.5125,3.9764,127.5324409,0.495271721444842,0.0320859095346567,17.5,0.169049198,5.1316277,87.2677906955818,1,0,0.0512,0.0512,0.0780659526173212,0.214039450353681,5,5,0,NA,NA,1,0.1157,NA,NA,NA
"Chenopodium album","CHEALB","Chenopodiaceae","forb","native","no appendage","none","human","animal","GRIN",3.9361,3.9361,229.14907468,0.444805458768873,0.027938443670151,55.3474531,0.02733427,1.19870913,30.2154285466974,2.36897770467574,0.0186,0.0104,0.029,0.038494840582976,1.16518281129516,7,6,0,0,1,1,0.1496,0.09,0.19,0.71
"Chenopodium berlandieri","CHEBER","Chenopodiaceae","forb","native","no appendage","none","human","animal","GRIN",10.1416333333333,10.1416333333333,240.395343713333,0.458715680227443,0.0241663053075534,73.655,0.03287004,1.51925125,17.2985754348299,2.43799944996452,0.0287333333333333,0.022,0.0507333333333333,0.0562340688943899,1.89054495567324,7,6,0,0,1,1,0.2122,NA,NA,NA
"Chenopodium hians","CHEHIA","Chenopodiaceae","forb","native","no appendage","none","human","animal","GRIN",3.4766,3.4766,223.86025276,0.454917193616381,0.0343661547726588,55,0.049922919,1.1898462,20.7780618834253,2.37299079826202,0.0164,0.0116,0.028,0.0475072440063673,1.18260526777138,7,6,0,0,1,0,0.154,NA,NA,NA
"Chenopodium incanum","CHEINC","Chenopodiaceae","forb","native","no appendage","none","human","animal","GRIN",5.15405,5.15405,232.21586286,0.447479681294429,0.0267481123845486,42,0.0215644135,1.27958335,19.5708322009834,2.59708060981951,0.0325,0.0092,0.0417,0.0496305642408316,1.34976348217165,7,6,0,0,1,0.5,0.1615,NA,NA,NA
"Chenopodium murale","CHEMUR","Chenopodiaceae","forb","invasive","no appendage","none","human","animal","DW",5.7997,5.7997,221.94241566,0.515393258426966,0.0359636992221262,48.59375,0.024214435,1.3936932,20.1676950902373,2.65439979287248,0.0336,0.0132,0.0468,0.0515163932923939,1.24152226020492,7,6,0,0,1,1,0.0572,0.09,0.15,0.76
"Chenopodium neomexicanum","CHENEO","Chenopodiaceae","forb","native","no appendage","none","human","animal","GRIN",5.1177,5.1177,215.80371368,0.502067460904666,0.0282631918799759,42.5,0.0396151945,1.287338175,20.0198810482777,2.5612836875043,0.0323,0.0163,0.0486,0.065541363244324,1.31292781385623,7,6,0.5,0,1,1,0.232066666666667,NA,NA,NA
"Chenopodium watsonii","CHEWAT","Chenopodiaceae","forb","native","no appendage","none","human","animal","GRIN",4.3548,4.3548,218.79326398,0.547331278890601,0.0354083204930663,27.5,0.000800003,1.1078643,14.0013274419477,2.65602298680104,0.0356,0.0126,0.0482,0.0462841908856057,1.28449878266397,7,6,0,0,1,0,0.19665,NA,NA,NA
"Chorizanthe brevicornu","CHOBRE","Polygonaceae","forb","native","elongated appendage","hooks","adhesive","adhesive","SD",13.32,4.8096,207.317068,0.649337274424393,0.0332451773490977,15,0.047679434,5.118333,87.226829233825,0.954336380549867,0.0326,0.059,0.0916,0.0333393581969726,0.765625889853289,6,6,0,1,1,1,0.1157,NA,NA,NA
"Chorizanthe fimbriata","CHOFIM","Polygonaceae","forb","native","elongated appendage","hooks","adhesive","adhesive","CBG",14.3022,6.21983333333333,157.59496014,0.457781466113416,0.0244813278008299,11.43,0.04827659,5.6855595,126.128466115058,0.90254282098111,0.0146,0.0608,0.0754,0.0248390076519956,0.658903368302667,6,6,0,1,1,1,0.21535,NA,NA,NA
"Chorizanthe staticoides","CHOSTA","Polygonaceae","forb","native","elongated appendage","hooks","human","adhesive","CBG/SS",7.9827,5.1985,181.78543198,0.480377797151991,0.0256873002034292,32.5,0.054386673,3.7711704,132.515118851871,0.952600196268633,0.0274,0.0408,0.0682,0.0357906256794381,0.67105176484252,7,6,0,1,1,1,0.2378,NA,NA,NA
"Chylismia brevipes","CHYBRE","Onagraceae","forb","native","no appendage","none","unassisted","unassisted","CBG",5.817,5.817,187.94837978,0.506208695652174,0.0264434782608696,39,0.029286672,1.9897242,123.390245337153,1,0.007,0,0.007,0.00552313257561741,0.852268032186517,2,2,1,NA,NA,0,0.1226,NA,NA,NA
"Chylismia cardiophylla","CHYCAR","Onagraceae","forb","native","no appendage","none","unassisted","unassisted","CBG",0.3307,0.3307,110.176559686,0.540894399554193,0.0325215937587072,100,0.029714615,0.59381527,172.498801998182,1,0.0058,0,0.0058,0.0153979364375839,0.528229734283352,2,2,0,NA,NA,0,0.0405,NA,NA,NA
"Chylismia claviformis","CHYCLA","Onagraceae","forb","native","no appendage","none","unassisted","unassisted","DW/CBG",0.8683,0.8683,141.34233548,0.528860024755212,0.0376699072878205,36.6666666666667,0.0247383086666667,0.82720534,84.6603841803362,1,0.0452,0,0.0452,0.0860192760526611,0.715787731611229,2,2,0,NA,NA,0,0.0373333333333333,NA,NA,NA
"Clarkia dudleyana","CLADUD","Onagraceae","forb","native","no appendage","none","unassisted","unassisted","CBG",2.4543,2.4543,208.55319282,0.555700852189245,0.0553599764913312,70,0.020048856,1.2097876,38.0918403756839,1,0.0176,0,0.0176,0.0207937469422263,0.838105431375321,2,2,0,NA,NA,1,0.1812,NA,NA,NA
"Clarkia epilobioides","CLAEPI","Onagraceae","forb","native","no appendage","none","unassisted","unassisted","CBG",0.6723,0.6723,147.09769078,0.489493545183714,0.043796756041046,45.72,0.038181481,0.8552712,38.6006733470737,1,0.0196,0,0.0196,0.03914092303922,0.531269026669626,2,2,0,NA,NA,1,0.1606,NA,NA,NA
"Clarkia gracilis","CLAGRA","Onagraceae","forb","native","no appendage","none","unassisted","unassisted","MCL",3.8749,3.8749,164.23303477,0.517165648336728,0.0639850644942295,42.2166666666667,0.087029716,2.0606276,58.2653100512299,1,0.0142,0,0.0142,0.0184158828741549,0.888981452408807,2,2,0,NA,NA,1,0.5647,NA,NA,NA
"Clarkia purpurea","CLAPUR","Onagraceae","forb","native","no appendage","none","ant","ant","MCL",4.5448,4.5448,198.2506768,0.538604395604396,0.0565457875457875,25.9,0.027965908,1.5864617,54.3196611438564,1,0.0186,0,0.0186,0.0181699783894483,1.02621090968052,3,3,0,NA,NA,1,0.5587,NA,NA,NA
"Clarkia unguiculata","CLAUNG","Onagraceae","forb","native","no appendage","none","unassisted","unassisted","CBG",3.202,3.202,189.12953464,0.547532276995305,0.0532012910798122,100,0.023246333,1.34273156,40.2918415429947,1,0.012,0,0.012,0.0132093313226236,0.881938491329024,2,2,0,NA,NA,1,0.1812,NA,NA,NA
"Claytonia parviflora","CLAPAR","Montiaceae","forb","native","nutrient-containing appendage","elaiosome","ant","ant","CBG",4.31015,4.31015,199.87723037,0.457525913828174,0.0211537865080578,22.99,0.043664327,1.236376575,37.3454300463155,2.35703250210022,0.0218,0,0.0218,0.0362225928565605,1.50870469431681,3,3,0,0,0.5,0,0.3429,NA,NA,NA
"Claytonia perfoliata","CLAPER","Montiaceae","forb","native","nutrient-containing appendage","elaiosome","animal","animal","CBG",3.7146,3.7146,193.08515824,0.446760151913526,0.0289599766286883,15.1836842,0.033973783,1.3648888,31.0880090547245,2.41360264242865,0.0148,0,0.0148,0.0197618892633188,1.02534422027739,6,6,0,0,1,0,0.1272,NA,NA,NA
"Collinsia concolor","COLCON","Plantaginaceae","forb","native","no appendage","none","unassisted","unassisted","CBG",5.2036,5.2036,221.02510478,0.481844630145466,0.0172268647477561,27.5,0.03213553,1.33830003,88.1079575431145,0.805737043263217,0.029,0,0.029,0.0384948416049434,1.39756656255875,1,1,0,0,0,1,0.1606,NA,NA,NA
"Collinsia heterophylla","COLHET","Plantaginaceae","forb","native","no appendage","none","ballistic","ballistic","CBG/SS",6.0912,6.0912,237.05714716,0.451751363766868,0.0257967269595177,38.4,0.035953481,1.4468707,95.3121408710489,0.829739750244162,0.1336,0,0.1336,0.172274842486829,1.47114942939487,2,2,0,1,0,1,0.21715,0.09,0.15,0.76
"Collinsia parviflora","COLPAR","Plantaginaceae","forb","native","no appendage","none","unassisted","unassisted","CBG",11.2174,11.2174,254.76065302,0.465304251180884,0.01707696582384,30.48,0.056641752,2.14925675,87.7826063144012,0.827500090717752,0.03,0,0.03,0.0330233279430456,1.50122037892144,2,2,0,1,0,1,0.3429,0.13,0.15,0.72
"Collinsia sparsiflora","COLSPA","Plantaginaceae","forb","native","flat appendage","wing","unassisted","unassisted","MCL",11.0514,11.0514,190.24698882,0.41385667484337,0.020105040856442,12.73,0.045430203,2.5237149,114.167777642975,0.830603980271187,0.0318,0,0.0318,0.0262856010568862,1.02431973857852,1,1,0,0,0,0,0.5647,NA,NA,NA
"Convolvulus equitans","CONEQU","Convolvulaceae","forb","native","no appendage","none","animal","animal","GRIN",174.41,174.41,248.99780632,0.431641602956946,0.0201658076843037,60.96,0.015685557,3.8863876,3.18425611724703,0.85153279818769,0.0486,0,0.0486,0.0170295765199843,5.28562824678527,6,6,0,0,0,1,0.2252,NA,NA,NA
"Cordylanthus nevinii","CORNEV","Orobanchaceae","forb","native","no appendage","none","unassisted","unassisted","CBG",5.6209,5.6209,201.93165232,0.580182767624021,0.0446083550913838,50,0.070469221,1.9719984,42.1716238633159,0.899988573318858,0.025,0,0.025,0.0350402818875746,1.12000478791138,2,2,0,1,0,1,0.4025,NA,NA,NA
"Cordylanthus rigidus ssp. setiger","CORRIG","Orobanchaceae","forb","native","no appendage","none","unassisted","unassisted","CBG",5.2593,5.2593,210.05169044,0.517138294474609,0.0372245289045034,60.96,0.05539944,1.78366145,40.492213438267,0.885066664424083,0.0398,0,0.0398,0.0519147097147266,1.10676484183374,2,2,0,1,0,1,0.4332,NA,NA,NA
"Cryptantha angustifolia","CRYANG","Boraginaceae","forb","native","no appendage","none","adhesive","adhesive","CBG",0.7094,0.7094,139.2577786,0.504269699967029,0.0416452357401912,12.5,0.046236452,1.01037228,67.5591874161081,1,0.0058,0.0062,0.012,0.0218380067577712,0.461709976416214,6,6,0,1,0,1,0.0306,NA,NA,NA
"Cryptantha barbigera","CRYBAR","Boraginaceae","forb","native","no appendage","none","adhesive","adhesive","DW",5.3541,5.3541,223.17853012,0.441959334565619,0.0236260012322859,28,0.06351126,2.0850008,59.5097049904387,1,0.0194,0.0232,0.0426,0.0505952158969123,0.980445868640704,6,6,0,0,0,1,0.0692,NA,NA,NA
"Cryptantha costata","CRYCOS","Boraginaceae","forb","native","no appendage","none","adhesive","adhesive","CBG",1.96,1.96,188.2220383,0.527286864759789,0.043848930852541,15,0.06822697,1.3892618,25.9260747869783,1,0.0152,0.0166,0.0318,0.0597997441962515,0.788867006505207,6,6,0,1,0,0,0.0258,NA,NA,NA
"Cryptantha intermedia","CRYINT","Boraginaceae","forb","native","no appendage","none","adhesive","adhesive","CBG",3.1454,3.1454,195.1520396,0.428342704942291,0.0414382953536549,35,0.057492596,1.7947402,38.6578753049849,1,0.0122,0.0202,0.0324,0.0367405273735299,0.779950304960718,6,6,0,NA,NA,1,0.1294,NA,NA,NA
"Cryptantha micrantha","CRYMIC","Boraginaceae","forb","native","no appendage","none","adhesive","adhesive","CBG",0.8444,0.8444,136.86758622,0.516516369902355,0.0424755887421022,6.5,0.041048221,1.04139226,29.65116752177,1,0.0094,0.016,0.0254,0.0427742467038359,0.478827174192926,6,6,0,NA,NA,1,0.0374,NA,NA,NA
"Cryptantha muricata","CRYMUR","Boraginaceae","forb","native","no appendage","none","adhesive","adhesive","CBG",3.3295,3.3295,187.3603258,0.507452374182542,0.0184077338640887,12.7,0.042072141,1.7415627,41.7821424391688,1,0.0096,0.0174,0.027,0.0274450628619,0.759067619562851,6,6,0,NA,NA,1,0.2701,NA,NA,NA
"Cryptantha nevadensis var. rigida","CRYNEV","Boraginaceae","forb","native","no appendage","none","adhesive","adhesive","CBG",4.7668,4.7668,256.0692155,0.422706852431049,0.0328859823713392,20,0.03914864,1.9321153,40.0294394568479,1,0.0196,0.0312,0.0508,0.0453102685751899,0.846477277941599,6,6,0,NA,NA,1,0.0632,NA,NA,NA
"Cryptantha pterocarya","CRYPTE","Boraginaceae","forb","native","flat appendage","wing","adhesive","adhesive","CBG",3.8336,3.8336,231.71888124,0.503879686137751,0.0317727404824179,25,0.050195353,2.06505905,49.1120824705167,1,0.014,0.0346,0.0486,0.0505393889074506,0.471853524908917,6,6,0,NA,NA,1,0.1846,NA,NA,NA
"Cucurbita palmata","CUCPAL","Cucurbitaceae","forb","native","no appendage","none","animal","animal","CBG",751.6,751.6,336.26668146,0.522872019731433,0.0262428062482872,7.5,0.086865351,9.9596993,44.8079376156991,1,0.532,0,0.532,0.192081289957286,5.85756624700119,6,6,1,NA,NA,0,0.0363,0.28,NA,NA
"Cynosurus echinatus","CYNECH","Poaceae","grass","invasive","elongated appendage","awn","human","adhesive","SFREC",18.17,16.47,221.81932818,0.431115044247788,0.0295246523388116,41.8125,0.181798295,15.217623,38.153727632621,0.273869656516294,0,0,0.0068,0.00467830495929909,0.805607046324276,7,6,0,0,1,1,0.4843,NA,NA,NA
"Daucus pusillus","DAUPUS","Apiaceae","forb","native","elongated appendage","prickles","adhesive","adhesive","GRIN",19.9556,19.9556,179.09582058,0.480426390089311,0.0285710169979833,17.1888889,0.049685107,4.89011295,126.131754324509,0.238212816089917,0,0.0822,0.0822,0.0370243569371416,0.716964458508637,6,6,0,0,0,1,0.0777,0.25,0.18,0.58
"Deinandra fasciculata","DEIFAS","Asteraceae","forb","native","flat appendage","pappus","unassisted","unassisted","CBG",6.0169,6.0169,181.80039882,0.500229717941262,0.0297441116603664,52,0.073686196,2.2135129,55.2311283467791,1,0,0.059,0.059,0.0643183842873021,0.9963371210449,2,2,0,NA,NA,1,0.2083,NA,NA,NA
"Deschampsia danthonioides","DESDAN","Poaceae","grass","native","no appendage","none","animal","animal","CBG",1.8173,1.8173,151.07524134,0.400415156507413,0.0178056013179572,45.72,0.069208015,1.3737519,34.8049035027718,0.488334474355261,0,0,0.007,0.0115300427700348,0.773753003769365,6,6,0,1,1,0,0.1894,NA,NA,NA
"Descurainia pinnata","DESPIN","Brassicaceae","forb","native","no appendage","none","animal","animal","CP",1.3049,1.3049,178.22463386,0.540666455093621,0.0365756902570613,35,0.030036526,0.90401725,379.873780211282,0.971242205334434,0.017,0,0.017,0.0297380622496711,0.84626005456688,6,6,1,1,0,0,0.2136,NA,NA,NA
"Diplacus bigelovii","DIPBIG","Phrymaceae","forb","native","no appendage","none","unknown","unknown","CBG",0.372,0.372,80.372214222,0.542992726013163,0.0298753030827849,13.5,0.036557072,0.63369836,24.202866115883,0.922413262501324,0.005,0,0.005,0.0132740831358482,0.557804667961373,2,2,0,1,0,0,0.0486,NA,NA,NA
"Draba cuneifolia","DRACUN","Brassicaceae","forb","native","no appendage","none","unassisted","unassisted","SD",0.5841,0.5841,102.34970398,0.556629055007052,0.041533850493653,15,0.017732948,0.7843679,6.96218418250677,1,0.01,0,0.01,0.0177684576294692,0.455352730990672,1,1,1,NA,NA,1,0.1157,NA,NA,NA
"Elymus caput-medusae","ELYCAP","Poaceae","grass","invasive","elongated appendage","awn","animal","animal","MCL/SFREC",33.06,19.62,181.81786052,0.388742746615087,0.0146776273372018,34.9290826,0.154303439,77.909447,56.5085259568018,0.199367610261549,0,0,0.0178,0.00137043260700174,0.291630068827872,6,6,0,0,1,1,0.5144,0.02,0.14,0.84
"Emmenanthe penduliflora","EMMPEN","Boraginaceae","forb","native","no appendage","none","unassisted","unassisted","CBG",5.314,5.314,162.91769613,0.503639491796714,0.0187776279241912,45.0552,0.0598949205,2.063951325,63.7485916937115,0.787844856072391,0.0132,0,0.0132,0.0158172665007343,0.761291629015781,2,2,0,0,0,1,0.16375,NA,NA,NA
"Epilobium brachycarpum","EPIBRA","Onagraceae","forb","native","no appendage","none","wind","wind","MCL/CBG",1.8489,1.8489,154.89163856,0.540336963921035,0.0449557522123894,47.825,0.075833817,1.44687075,59.676194009441,1,0.0092,0,0.0092,0.018536308598913,0.707788311322976,5,5,1,NA,NA,1,0.38295,NA,NA,NA
"Eremothera boothii","EREBOO","Onagraceae","forb","native","no appendage","none","unknown","unknown","CBG",1.8862,1.8862,147.56843344,0.500972903225806,0.0337470967741936,30.48,0.072758308,1.460165,43.4599454583795,1,0.0156,0,0.0156,0.0290932783281391,0.690307597508144,2,2,0,NA,NA,1,0.1019,NA,NA,NA
"Eriastrum diffusum","ERIDIF","Polemoniaceae","forb","native","no appendage","none","ant","ant","SD",1.6855,1.6855,139.23501372,0.487228098725251,0.0310360726878221,20,0.059251413,1.2186506,1003.74219636559,0.957476800528794,0.0082,0,0.0082,0.0139128357447219,0.78887241240488,3,3,1,1,0,0,0.1157,NA,NA,NA
"Eriastrum eremicum","ERIERE","Polemoniaceae","forb","native","no appendage","none","unknown","unknown","DW",1.4668,1.4668,138.86131152,0.472225628448805,0.0382311465358676,17.78,0.040704421,1.07684406,1138.27108811759,0.952274971093798,0.0068,0,0.0068,0.0110394529756237,0.77837265986728,2,2,1,1,0,0,0.0692,NA,NA,NA
"Eriastrum sapphirinum","ERISAP","Polemoniaceae","forb","native","no appendage","none","unknown","unknown","CBG",2.1437,2.1437,156.3040016,0.466090120347047,0.026767422334173,22.5,0.037898595,1.29841706,1816.32212572055,0.849186887112249,0.007,0,0.007,0.00918381326148408,0.774637076188023,2,2,1,1,0,0,0.2018,NA,NA,NA
"Eriogonum gracillimum","ERIGRA","Polygonaceae","forb","native","no appendage","none","wind","wind","CP",1.5509,1.5509,168.3459314,0.430624426078972,0.0354759718396082,30,0.04910674,1.03696092,100.697668629519,1.57583722995843,0,0.0092,0.0092,0.016742472456995,1.20462470250997,5,5,0,0,1,0,0.1853,NA,NA,NA
"Eriogonum parishii","ERIPAR","Polygonaceae","forb","native","no appendage","none","wind","wind","CBG",2.416,2.416,181.55122436,0.429292576419214,0.0185822416302766,25,0.030252358,1.2851227,44.5577648627335,1.90212882774572,0,0.0086,0.0086,0.0106047593370713,0.961155994408491,5,5,0,0,1,1,0.399,NA,NA,NA
"Eriogonum pharnaceoides","ERIPHA","Polygonaceae","forb","native","elongated appendage","","wind","wind","GRIN",6.3293,6.3293,200.0047848,0.549081569115816,0.0319894146948941,21.3,0.048610878,1.9897244,59.6599465788077,1.63527674330135,0.0592,0,0.0592,0.055895552211516,1.27917808589056,5,5,0,0,1,0,0.3044,NA,NA,NA
"Eriophyllum lanosum","ERILAN","Asteraceae","forb","native","elongated appendage","pappus","wind","wind","SD",0.9843,0.9843,113.04258303,0.494759073842303,0.0282165206508135,8,0.182887305,3.3900649,104.664318652672,1,0,0.0212,0.0212,0.0673799919436413,0.133546544695151,5,5,0,NA,NA,0,0.1157,NA,NA,NA
"Eriophyllum wallacei","ERIWAL","Asteraceae","forb","native","flat appendage","pappus","wind","wind","CBG",0.7359,0.7359,88.870358254,0.506753287413901,0.0249937382592361,8,0.149486167,2.0207445,141.314071247022,1,0,0.0162,0.0162,0.04458149247774,0.238442529556991,5,5,0,NA,NA,1,0.164,NA,NA,NA
"Erodium botrys","EROBOT","Geraniaceae","forb","invasive","elongated appendage","awn","adhesive","adhesive","SFREC",131.85,31.15,254.51043812,0.483774960380349,0.0659080824088748,19.92,0.111177203,3.8154846,31.1232721027311,1,0.0138,0.0378,0.0516,0.0462064471103455,0.844700865060815,6,6,0,NA,NA,1,0.5455,NA,NA,NA
"Erodium cicutarium","EROCIC","Geraniaceae","forb","invasive","elongated appendage","awn","human","adhesive","MD",27.82,11.9066,274.0276119,0.463152882205514,0.0532080200501253,13.60623076,0.104680768,2.6278539,22.680355346315,1,0.02072,0.0298,0.05052,0.0612920086079118,0.605957043021286,7,6,0,NA,NA,1,0.0909,NA,NA,NA
"Erodium texanum","EROTEX","Geraniaceae","forb","native","elongated appendage","awn","human","adhesive","SD",58.5333333333333,16.1821,240.11786546,0.494776659959759,0.0647122736418511,30,0.110994967,3.354613,25.5951074472527,1,0.0102,0.0668,0.077,0.0782692549380886,0.439586760407792,7,6,0,NA,NA,1,0.1157,0.16,0.26,0.59
"Erysimum repandum","ERYREP","Brassicaceae","forb","invasive","no appendage","none","adhesive","adhesive","GRIN",1.6504,1.6504,158.08516432,0.493838823849714,0.0441600871222434,23.0357143,0.042966762,1.2496709,44.9684098583998,1,0.0156,0,0.0156,0.0222802960360083,0.606538324372462,6,6,0,NA,NA,0,NA,NA,NA,NA
"Erythranthe guttata","ERYGUT","Phrymaceae","forb","native","no appendage","none","animal","animal","MCL",0.2238,0.2238,98.885310956,0.552800949474398,0.0450356052899288,11.6,0.037073778,0.62926691,41.2651596338494,0.92011994125562,0.0078,0,0.0078,0.0209540891072102,0.317979408233217,6,6,0,1,0,0,0.5546,NA,NA,NA
"Eschscholzia californica","ESCCAL","Papaveraceae","forb","native","no appendage","none","unassisted","unassisted","CBG",6.518,6.518,211.06200672,0.489078842580303,0.0276745420759225,20.44592728,0.008050315,1.4668124,39.6812279080005,0.519249112256485,0.046,0,0.046,0.0387325855979617,1.26760893171489,1,1,0,1,0,1,0.1516,NA,NA,NA
"Eschscholzia glyptosperma","ESCGLY","Papaveraceae","forb","native","no appendage","none","ballistic","ballistic","CBG",6.1157,6.1157,205.72010654,0.394272596843615,0.022545193687231,15,0.000725625,1.240808,41.1953066540928,0.555340392238988,0.0348,0,0.0348,0.0297460151879051,1.39777699404566,1,1,0,0,0,1,0.0431,NA,NA,NA
"Eschscholzia minutiflora","ESCMIN","Papaveraceae","forb","native","no appendage","none","unassisted","unassisted","CBG",5.7029,5.7029,197.62806722,0.594537890044576,0.0359851411589896,20,0.001352501,1.2496711,33.5985733658155,0.624354522992445,0.0352,0,0.0352,0.0305508164662305,1.34098658275074,1,1,0,0,0,1,0.0462,NA,NA,NA
"Eucrypta chrysanthemifolia","EUCCHR","Boraginaceae","forb","native","no appendage","none","unassisted","unassisted","CBG",5.0597,5.0597,201.19153502,0.503947368421053,0.0315355398806294,90,0.009914308,1.3427317,54.2857992093765,0.791362566423168,0.0174,0,0.0174,0.0164287591925635,1.20352610480162,2,2,0,0,0,1,0.1362,NA,NA,NA
"Eucrypta micrantha","EUCMIC","Hydrophyllaceae","forb","native","no appendage","none","unassisted","unassisted","SD",0.7746,0.7746,141.36470364,0.49704275862069,0.0250068965517241,30,0.037558295,0.79766226,58.9186489680693,0.74572826855025,0.0082,0,0.0082,0.0174566711584243,0.729909591848804,1,1,0,1,0,1,0.1157,NA,NA,NA
"Eulobus californicus","EULCAL","Onagraceae","forb","native","no appendage","none","unknown","unknown","CBG",2.5,2.5,175.41328802,0.520065452475811,0.0267871371656232,91,0.078948867,1.5687359,82.3185808894396,1,0.0114,0,0.0114,0.0179896312499589,0.895508051376773,2,2,1,NA,NA,0,0.2261,NA,NA,NA
"Euphorbia crenulata","EUPCRE","Euphorbiaceae","forb","native","no appendage","none","unknown","unknown","MCL",6.9815,6.9815,207.61023968,0.49744847605225,0.0310304789550073,13.95,0.006418504,1.7991715,75.8146739386968,0.84376265464584,0.0498,0,0.0498,0.0333467054961598,0.887628913112985,2,2,0,1,0,1,0.5647,NA,NA,NA
"Evax multicaulis","EVAMUL","Asteraceae","forb","native","no appendage","none","unassisted","unassisted","SD",0.2145,0.2145,83.59011593,0.486085657370518,0.0430212483399735,13.5,0.05039053,0.74448479,64.6585222260364,1,0,0.0074,0.0074,0.0189759057539588,0.260314712599208,1,1,0,NA,NA,0,0.1157,NA,NA,NA
"Festuca microstachys","FESMIC","Poaceae","grass","native","elongated appendage","awn","adhesive","adhesive","MCL",14.41,10.4777,167.2826448,0.443214971209213,0.0269705694177863,18.0946236566667,0.187196949,15.937735,64.9394969322215,0.2980954491247,0,0,0.021,0.0196632696901335,0.60634654895863,6,6,0,1,1,0,0.5647,NA,NA,NA
"Festuca myuros","FESMYU","Poaceae","grass","invasive","elongated appendage","awn","adhesive","adhesive","MCL/SFREC",7.0416,7.4364,185.0644649,0.443863185723728,0.0246397884996695,28.0767676766667,0.198810935,16.8085172,58.6115645055359,0.150328989826522,0,0,0.0072,0.00868849109436903,0.345014479525108,6,6,0,1,1,1,0.5186,NA,NA,NA
"Festuca octoflora","FESOCT","Poaceae","grass","native","elongated appendage","awn","wind","wind","SD",3.0987,2.4489,132.57835644,0.424991044776119,0.0188835820895522,5.3,0.183597983,9.40576775,70.5533257647913,0.147191818845291,0,0,0.0068,0.00941401234204706,0.241368943510523,5,5,0,1,1,1,0.1157,NA,NA,NA
"Festuca perennis","FESPER","Poaceae","grass","invasive","elongated appendage","awn","human","adhesive","MCL/SFREC",26.31,22.11,230.52193698,0.416038961038961,0.0171969696969697,53.22277778,0.163516489,10.36960935,46.6500518240525,0.278057176512218,0,0,0.014,0.0107823611969314,0.95383902734145,7,6,0,0,1,1,0.4725,NA,NA,NA
"Galium murale","GALMUR","Rubiaceae","forb","invasive","elongated appendage","hairs","adhesive","adhesive","MCL",1.6834,1.6834,146.56354266,0.457485814935929,0.0270911004267215,10.0833333333333,0.02170139,1.134453,80.7745649960455,0.872382258802016,0.0108,0.0306,0.0414,0.0530812491987328,0.618487592750911,6,6,0,1,0,1,0.5625,NA,NA,NA
"Gastridium ventricosum","GASVEN","Poaceae","grass","invasive","elongated appendage","awn","wind","wind","MCL",0.9256,0.9256,145.7809479,0.425358927162766,0.026726268735209,25.14285715,0.161910532,4.0858033,15.7666277370819,0.340255962437158,0,0,0.0192,0.032093782311084,0.253679000534557,5,5,0,1,1,0,0.5527,NA,NA,NA
"Geraea canescens","GERCAN","Asteraceae","forb","native","elongated appendage","hairs","animal","animal","CBG",17.22,17.22,129.7062919,0.448148474178404,0.019474765258216,45,0.112520825,10.23445,140.327531012405,1,0,0.03,0.03,0.0148135273181195,0.268193389150701,6,6,0,NA,NA,1,0.0585,NA,NA,NA
"Geranium dissectum","GERDIS","Geraniaceae","forb","invasive","no appendage","none","human","animal","SFREC",61.11,61.11,256.28128678,0.484746835443038,0.0378370941111723,17.589457825,0.012141328,2.5214992,82.7410302605761,1,0.053,0,0.053,0.0274310737340016,4.01136157282868,7,6,0,NA,NA,0,0.5684,NA,NA,NA
"Gilia angelensis","GILANG","Polemoniaceae","forb","native","no appendage","none","unassisted","unassisted","CBG",3.2545,3.2545,197.50627622,0.486955196586407,0.025419079548918,38.5,0.010263842,1.0103722,1301.12489793193,0.906701881960084,0.006,0,0.006,0.00756400271441801,1.36332840705885,2,2,1,1,0,1,0.1362,NA,NA,NA
"Gilia capitata","GILCAP","Polemoniaceae","forb","native","no appendage","none","unassisted","unassisted","MCL",9.0258,9.0258,229.26865262,0.483361618798956,0.0254895561357702,24.8,0.032523824,1.8301919,632.196298174988,0.905871301348379,0.0092,0,0.0092,0.00814143729641982,1.52230162263476,1,1,1,1,0,0,0.5647,NA,NA,NA
"Gilia latiflora ssp. davyi","GILLAT","Polemoniaceae","forb","native","no appendage","none","unassisted","unassisted","CBG",2.1525,2.1525,181.43046294,0.511631248129303,0.0284705178090392,20,0.027707757,1.074628415,551.691342253974,0.84394778316736,0.0068,0,0.0068,0.0102298932313565,1.01023013713664,1,1,1,1,0,1,0.0646,NA,NA,NA
"Gilia tricolor","GILTRI","Polemoniaceae","forb","native","no appendage","none","unassisted","unassisted","MCL",3.975,3.975,209.5793946,0.448650154798762,0.0284613003095975,12.325,0.02884708,1.20535634,1182.45039289353,0.867879219659324,0.0098,0,0.0098,0.0127095531343165,1.49010326269412,1,1,1,1,0,1,0.5647,NA,NA,NA
"Helianthus annuus","HELANN","Asteraceae","forb","native","no appendage","none","human","adhesive","SS",55.59,55.59,204.36648068,0.511899070385126,0.0213227091633466,223.5192857,0.083973793,4.3406122,19.7767108087378,1,0,0.1474,0.1474,0.103298733630409,2.52147881289667,7,6,0,NA,NA,0,NA,0.42,0.27,0.31
"Helianthus deserticola","HELDES","Asteraceae","forb","native","no appendage","none","unknown","unknown","GRIN",30.4,30.4,204.93588216,0.569720575783235,0.036734405870731,25,0.123533951,5.3443373,34.7869042198544,1,0,0.0888,0.0888,0.0767760783999962,1.35611638601228,2,2,0,NA,NA,0,0.0787,NA,NA,NA
"Helianthus niveus","HELNIV","Asteraceae","forb","native","no appendage","none","unknown","unknown","GRIN",24.275,24.275,199.35151554,0.547508509604212,0.0394169286332046,126.492,0.1087438565,4.551106425,67.3956507679138,1,0,0.0903,0.0903,0.0731355584241388,1.38239951303784,2,2,0,NA,NA,0,0.04185,NA,NA,NA
"Helianthus petiolaris ssp. fallax","HELPET","Asteraceae","forb","native","no appendage","none","unknown","unknown","GRIN",21.79,21.79,203.91999794,0.566558372952985,0.0394479661912309,182.88,0.104718353,3.8753092,15.6243831742092,1,0,0.0752,0.0752,0.0710024555330599,1.56421855861833,2,2,0,NA,NA,0,0.2399,0.33,0.23,0.45
"Heliomeris longifolia var. annua","HELLON","Asteraceae","forb","native","no appendage","none","unknown","unknown","GRIN",3.582,3.582,193.419783,0.566835138387485,0.0382851985559567,43,0.11710632,2.2135129,49.8188106403937,1,0,0.0308,0.0308,0.0526538623642398,0.97698569191635,2,2,0,NA,NA,0,0.1818,NA,NA,NA
"Hemizonia congesta","HEMCON","Asteraceae","forb","native","no appendage","none","unassisted","unassisted","MCL",14.16,14.16,221.72929666,0.490171065476764,0.0325950101099159,37.7,0.064666027,2.61012835,54.9342569573233,1,0,0.044,0.044,0.039716060496081,1.60114120661052,2,2,0,NA,NA,0,0.5546,NA,NA,NA
"Herniaria hirsuta","HERHIR","Caryophyllaceae","forb","invasive","no appendage","none","adhesive","adhesive","CP",0.752666666666667,0.752666666666667,143.88176442,NA,NA,12,0.009535146,0.620404,NA,1.98024451217205,0.0078,0,0.0078,0.01585714743132,0.848702784480325,6,6,0,0,1,0,0.2077,NA,NA,NA
"Hesperocnide tenella","HESTEN","Urticaceae","forb","native","no appendage","none","unknown","unknown","CBG",1.2366,1.2366,119.5534639,0.496316267797637,0.0349136625265071,25,0.053532461,1.1632573,58.1850981234685,1,0.0444,0,0.0444,0.0878883986779289,0.605018814539071,2,2,0,0,0,1,0.3503,NA,NA,NA
"Heterotheca sessiliflora","HETSES","Asteraceae","forb","native","elongated appendage","plume","wind","wind","CBG",7.088,5.5601,96.962202898,0.479905714285714,0.0339457142857143,45,0.114250404,3.6958352,83.5106519623499,1,0,0.0428,0.0428,0.0409246723174396,0.0882148521910369,5,5,0,NA,NA,1,0.2765,NA,NA,NA
"Holocarpha virgata","HOLVIR","Asteraceae","forb","native","no appendage","none","adhesive","adhesive","MCL",19.125,19.125,204.95599811,0.556614654002714,0.042072591587517,31.65,0.091028303,3.5628914,69.5818903894017,1,0,0.0797,0.0797,0.0714461851371399,1.51920547041522,6,6,0,NA,NA,0,0.5445,NA,NA,NA
"Hordeum intercedens","HORINT","Poaceae","grass","native","elongated appendage","awn","adhesive","adhesive","SS",29.79,27.52,207.72274356,0.41680471487735,0.0228767123287671,22.5,0.187236866,15.572139,66.005540587893,0.340143316675377,0,0,0.0808,0.0753441380805909,0.926394824548377,6,6,0,0,1,1,0.2358,NA,NA,NA
"Hordeum murinum","HORMUR","Poaceae","grass","invasive","elongated appendage","awn","human","adhesive","SAC",95.16,74.55,206.25939804,0.409963057686843,0.0231969309462916,32.22692308,0.202932539,49.2179775,68.4781630419138,0.305125734870425,0,0,0.0562,0.0251628139279309,1.05712007697647,7,6,0,0,1,1,0.2554,0.01,0.24,0.75
"Hypochaeris glabra","HYPGLA","Asteraceae","forb","invasive","elongated appendage","plume","human","wind","MCL",7.47205,4.95215,128.48954497,0.489033834586466,0.0331315789473684,27.25792685,0.1519799385,3.3302399,79.5266436065243,1,0,0.0051,0.0051,0.00884129789593449,0.112616064900777,7,5,0,NA,NA,1,0.5647,NA,NA,NA
"Laennecia coulteri","LAECOU","Asteraceae","forb","native","elongated appendage","pappus","wind","wind","CBG",0.3259,0.3259,74.556758274,0.537793572311496,0.0363813349814586,80,0.071092364,0.97935196,52.3688859058532,1,0,8e-04,8e-04,0.0018804951889176,0.267324980063413,5,5,0,NA,NA,0,0.199,NA,NA,NA
"Lagophylla minor","LAGMIN","Asteraceae","forb","native","no appendage","none","unknown","unknown","MCL",3.4951,3.4951,110.043450122,0.512894736842105,0.0490853658536585,12.35,0.110842764,2.38190825,81.5558437961532,1,0,0.0326,0.0326,0.0553120055216991,0.788839980102933,2,2,0,NA,NA,0,0.5546,NA,NA,NA
"Langloisia setosissima ssp. punctata","LANSET","Polemoniaceae","forb","native","no appendage","none","unknown","unknown","CBG",2.7034,2.7034,166.32410794,0.454990366088632,0.0287971373520506,8.89,0.05194944,1.44243935,760.616796963225,0.890683935967576,0.0264,0,0.0264,0.0381885156110963,0.907827727623044,2,2,0,NA,NA,0,0.0813,NA,NA,NA
"Lasthenia californica","LASCAL","Asteraceae","forb","native","elongated appendage","pappus","ant","ant","MCL/UCD",1.9536,1.9536,146.18801264,0.470237654320988,0.0421111111111111,11.3699358975,0.141041159,2.713775139,52.2976466642428,1,0,0.0138,0.0138,0.0269489417031471,0.254858725178862,3,3,0,NA,NA,1,NA,NA,NA,NA
"Lasthenia californica","LASCAL","Asteraceae","forb","native","elongated appendage","pappus","ant","ant","CP",1.1198,1.1198,117.26036284,NA,NA,11.3699358975,0.147675159,2.3619666,33.1690529096539,1,0,0.0266,0.0266,0.0689947161200733,0.403557301028376,3,3,0,NA,NA,1,0.2077,NA,NA,NA
"Lasthenia coronaria","LASCOR","Asteraceae","forb","native","flat appendage","pappus","unassisted","unassisted","CBG",1.0479,1.0479,105.76210435,0.51165429808287,0.0324242424242424,40,0.153914285,2.18717045,27.4411810031862,1,0,0.0084,0.0084,0.024301782310073,0.28775528519465,2,2,0,NA,NA,1,0.1362,NA,NA,NA
"Lasthenia minor","LASMIN","Asteraceae","forb","native","flat appendage","pappus","unassisted","unassisted","CP",1.0278,1.0278,99.676797772,0.479605543710021,0.0410047974413646,35,0.1315004,2.180910071,56.7365733744337,1,0,0.0146,0.0146,0.0378071987356092,0.252571208321303,2,2,0,NA,NA,1,0.189,NA,NA,NA
"Layia glandulosa","LAYGLA","Asteraceae","forb","native","elongated appendage","pappus","wind","wind","CBG",8.92,6.747,147.47159274,0.55680421172453,0.0250682982356289,31.5,0.138536509,3.990527222,76.8814301029718,1,0,0.0386,0.0386,0.0478012675724658,0.269423070063197,5,5,0,NA,NA,1,0.1846,NA,NA,NA
"Layia platyglossa","LAYPLA","Asteraceae","forb","native","elongated appendage","pappus","wind","wind","CBG/SS",5.9047,5.9047,162.24628412,0.523498513379584,0.0389626693095474,23.2333333333333,0.126374029,3.37455465,68.9364506335828,1,0,0.0342,0.0342,0.0451318824867129,0.393344153545058,5,5,0,NA,NA,1,0.2126,NA,NA,NA
"Lepidium dictyotum","LEPDIC","Brassicaceae","forb","native","no appendage","none","unassisted","unassisted","CP",4.8807,4.8807,212.45796858,0.478552743815752,0.0351464316178561,7.5,0.073090154,1.5288527,2855.11240091622,1,0.0238,0,0.0238,0.045131881806049,1.48096661595933,1,1,1,NA,NA,1,0.1917,NA,NA,NA
"Lepidium lasiocarpum","LEPLAS","Brassicaceae","forb","native","balloon structure","balloon","unassisted","unassisted","SD",12.564,3.2491,189.21830114,0.504785333751175,0.0421059229081793,20,0.07316912,1.5222056,100.166223198873,1,0.0192,0,0.0192,0.0373505220435778,0.926447509417534,1,1,1,NA,NA,0,0.1157,0.24,0.26,0.5
"Lepidium nitidum","LEPNIT","Brassicaceae","forb","native","no appendage","none","unassisted","unassisted","MCL/SS",9.28983333333333,9.28983333333333,240.85043016,0.457175897748022,0.037522824102252,6.14625,0.070917447,1.9564882,2820.49070516819,0.995977247252415,0.0098,0,0.0098,0.0141760400909986,1.66172013137529,1,1,1,0,0,0,0.5647,NA,NA,NA
"Lepidium nitidum","LEPNIT","Brassicaceae","forb","native","no appendage","none","unassisted","unassisted","CP",5.9153,5.9153,215.52090222,0.471942733990148,0.0342487684729064,6.14625,0.061502107,1.72605255,2981.86158886236,0.96127147263311,0.0274,0,0.0274,0.0379329320841308,1.35868242630174,1,1,1,0,0,0,0.1874,NA,NA,NA
"Leptosiphon montanus","LEPMON","Polemoniaceae","forb","native","no appendage","none","unknown","unknown","CBG",12.4971,12.4971,165.3443639,0.459900682805711,0.0494382371198014,35,0.081731777,2.71869895,794.728037843036,0.922478827173845,0.0128,0,0.0128,0.0146621348146183,1.37672945503035,2,2,1,1,0,1,0.1883,NA,NA,NA
"Leptosyne bigelovii","LEPBIG","Asteraceae","forb","native","elongated appendage","pappus","wind","wind","CBG",12.6029,12.6029,109.02356739,0.498761517615176,0.018260162601626,20,0.128827387,7.6442634,81.2942469559015,1,0.0098,0.0292,0.039,0.0325952471148484,0.335161389986559,5,5,0,NA,NA,1,0.164,NA,NA,NA
"Lesquerella gordonii","LESGOR","Brassicaceae","forb","native","no appendage","none","unknown","unknown","SD",7.4293,7.4293,183.3337932,0.525044722719141,0.0404472271914132,41,0.06296793,1.5864617,605.57979228796,1,0.0162,0,0.0162,0.0240505424822547,1.46011615475281,2,2,1,NA,NA,0,0.1157,0.27,0.23,0.5
"Linanthus bigelovii","LINBIG","Polemoniaceae","forb","native","balloon structure","balloon","unknown","unknown","CBG",1.6802,1.6802,140.54249428,0.509086727989488,0.0221090670170828,12.5,0.023408906,1.5155583,99.2389619255491,0.920478936094802,0.0116,0,0.0116,0.0113318140366477,0.389827927233729,2,2,0,1,0,0,0.3429,NA,NA,NA
"Linanthus dichotomus","LINDIC","Polemoniaceae","forb","native","no appendage","none","unknown","unknown","MCL/CBG",0.6679,0.6679,124.08085954,0.535685295035904,0.0310615048392132,8.26,0.024440044,0.86856557,324.582243280478,0.887612380424133,0.0092,0,0.0092,0.0158478362423788,0.482287547533377,2,2,1,1,0,1,0.0325,NA,NA,NA
"Loeseliastrum matthewsii","LOEMAT","Polemoniaceae","forb","native","no appendage","none","unknown","unknown","CBG",4.2732,4.2732,229.67076428,0.464758138119866,0.0200730149072102,8.89,0.017355238,1.3161427,1567.08542966811,1,0.0088,0,0.0088,0.00927945202642459,1.19665981028277,2,2,1,1,0,1,0.0374,NA,NA,NA
"Logfia filaginoides","LOGFIL","Asteraceae","forb","native","elongated appendage","pappus","wind","wind","MCL",0.3325,0.3325,114.19515778,0.503667189952904,0.051309262166405,13.825,0.060369347,0.7311904,30.1225247942033,1,0,0.0064,0.0064,0.0182812688034633,0.44792647895085,5,5,0,NA,NA,1,0.5647,NA,NA,NA
"Logfia gallica","LOGGAL","Asteraceae","forb","invasive","no appendage","none","wind","wind","SFREC",0.2117,0.2117,94.72574719,0.473822843822844,0.0491763791763792,13.3,0.023780556,0.833113925,68.6418014161783,1,0,0.0062,0.0062,0.0110599870148617,0.145168644203722,5,5,0,NA,NA,1,0.4843,NA,NA,NA
"Lupinus bicolor","LUPBIC","Fabaceae","forb","native","no appendage","none","unassisted","unassisted","CBG",44.34,44.34,222.63065678,0.440651527439849,0.0672262773722628,20.21818965,0.041881024,2.6854631,89.2781770691807,0.838871114331505,0.056,0,0.056,0.041432541976714,3.17422400674923,1,1,0,0,0,1,0.1294,NA,NA,NA
"Lupinus hirsutissimus","LUPHIR","Fabaceae","forb","native","no appendage","none","unassisted","unassisted","CBG",237.99,237.99,255.17921777,0.446181818181818,0.0514952978056426,60,0.023347566,4.3051606,41.5562469067702,0.974066712787111,0.0944,0,0.0944,0.034469654964231,6.09673458905657,2,2,0,0,0,1,0.2309,0.1,0.41,0.48
"Lupinus kingii","LUPKIN","Fabaceae","forb","native","no appendage","none","unassisted","unassisted","GRIN",97.41,97.41,282.74851034,0.404975907484741,0.0535078702216511,6.14,0.034920559,3.0865098,11.5181524149907,0.968669125165984,0.055,0,0.055,0.032070460784882,4.82653695720622,1,1,0,0,0,0,0.3202,NA,NA,NA
"Lupinus microcarpus","LUPMIC","Fabaceae","forb","native","no appendage","none","unassisted","unassisted","MCL",244.71,244.71,293.17804552,0.449784978800727,0.0715081768625076,18.764,0.055994538,9.014993986,14.3081699981974,0.949157274324738,0.0482,0,0.0482,0.00857667463860211,4.08188534222271,1,1,0,0,0,1,0.5511,NA,NA,NA
"Lupinus sparsiflorus","LUPSPA","Fabaceae","forb","native","no appendage","none","unassisted","unassisted","CBG/SS",66.1,66.1,295.53601452,0.450672077922078,0.0649123376623377,27.5,0.028463935,2.9048202,40.8625948285071,0.984000087865546,0.0472,0,0.0472,0.0275935866892279,4.06899654002328,1,1,0,0,0,0,0.20695,NA,NA,NA
"Lupinus succulentus","LUPSUC","Fabaceae","forb","native","no appendage","none","unassisted","unassisted","CBG",261.08,261.08,292.4669172,0.4487379708551,0.0648886444872147,31.6,0.024253188,4.36276945,14.558650365619,0.982022598454418,0.1264,0,0.1264,0.0459313207565819,6.54282565583983,2,2,0,0,0,0,0.2085,0.05,0.38,0.57
"Machaeranthera tagetina","MACTAG","Asteraceae","forb","native","elongated appendage","pappus","wind","wind","GRIN",6.6608,6.81065,193.08593682,0.547243687252814,0.0436477030727107,51,0.1225989245,3.0185609625,44.7762851993295,1,0,0.0842,0.0842,0.152004175962706,0.461535434042035,5,5,0,NA,NA,1,0.22995,NA,NA,NA
"Madia elegans","MADELE","Asteraceae","forb","native","no appendage","none","adhesive","adhesive","CBG/HED",20.85,20.85,243.71057808,0.52214530714063,0.0437979420018709,32.9,0.110096657,3.8487205,56.867005031857,1,0,0.0692,0.0692,0.0804929462472525,1.57633877544954,6,6,0,NA,NA,0,0.2261,NA,NA,NA
"Madia gracilis","MADGRA","Asteraceae","forb","native","elongated appendage","hairs","adhesive","adhesive","SFREC",27.865,20.31,206.63966363,0.509809820888232,0.0412843443164998,33.9,0.120492575,4.120147325,77.285306736201,1,0,0.0782,0.0782,0.111850673746882,2.04329329561688,6,6,0,NA,NA,1,0.4843,NA,NA,NA
"Malacothrix coulteri","MALCOU","Asteraceae","forb","native","elongated appendage","pappus","wind","wind","CP",2.6361,2.5805,152.94660316,0.525384144475054,0.0421426385062749,75,0.115946841,2.2822005,93.433375250943,1,0.0126,0.0232,0.0358,0.0564937542761866,0.579402357622723,5,5,0,NA,NA,1,0.1917,NA,NA,NA
"Malacothrix fendleri","MALFEN","Asteraceae","forb","native","no appendage","pappus","animal","animal","GRIN",1.7004,1.7004,131.40684388,0.549054400455711,0.0333466248931928,17.5,0.114289556,1.9897243,83.4144093253156,1,0.0066,0.0188,0.0254,0.045131880775004,0.533966814848006,6,6,0,NA,NA,1,0.194725,NA,NA,NA
"Malacothrix glabrata","MALGLA","Asteraceae","forb","native","elongated appendage","pappus","animal","animal","CBG/SS",2.5117,2.5117,160.64965352,0.508803232825614,0.0330867267640659,38.106,0.13853252,2.8848784,80.1910694441076,1,0.0068,0.0164,0.0232,0.0382138566672688,0.481991291649156,6,6,0,NA,NA,1,0.057,NA,NA,NA
"Malva parviflora","MALPAR","Malvaceae","forb","invasive","no appendage","none","unassisted","unassisted","DW",21.22,17.41,212.3810596,0.462063752875452,0.0409891554387118,65,0.01274129,1.7991717,98.2316867680583,0.392788110911985,0.0482,0,0.0482,0.0368704542057484,1.31127403756255,2,2,0,1,1,1,0.0572,0.15,0.25,0.61
"Matthiola parviflora","MATPAR","Brassicaceae","forb","invasive","no appendage","none","unassisted","unassisted","SD",2.2556,2.2556,169.25565046,0.518657274295572,0.0591403105232892,22.7,0.046698205,1.21643485,65.7130367686147,0.943501007350429,0.042,0,0.042,0.0723488176282511,0.847050492899193,1,1,1,NA,NA,0,0.1157,NA,NA,NA
"Medicago polymorpha","MEDPOL","Fabaceae","forb","invasive","elongated appendage","hooks","adhesive","adhesive","MCL",165.51,16.2732,263.67984072,0.514376801152738,0.0576512968299712,30.707585775,0.070489563,2.61899125,112.85175204845,1,0.0298,0.0734,0.1032,0.10831650788922,1.04637467306718,6,6,0,0,0,0,0.535266666666667,0.07,0.37,0.56
"Melilotus indicus","MELIND","Fabaceae","forb","invasive","no appendage","none","unassisted","unassisted","MD",15.96,15.96,242.20225448,0.433438107582631,0.0281691510045366,35,0.00870701,1.7238367,10.9630004320479,0.921352022535598,0.0652,0,0.0652,0.0471570245016906,2.26813403000861,2,2,0,0,0,1,0.0605,0.05,0.31,0.64
"Mentzelia albicaulis","MENALB","Loasaceae","forb","native","no appendage","none","unassisted","unassisted","DW",3.5497,3.5497,167.85001418,0.458397343343921,0.0364423909904707,23.5,0.013388442,1.4623809,68.7450766887234,0.890466094527189,0.0162,0,0.0162,0.0146814572379448,0.816581282312667,1,1,0,1,0,1,0.0583,0.35,0.19,0.46
"Mentzelia involucrata","MENINV","Loasaceae","forb","native","no appendage","none","unassisted","unassisted","DW",16.39,16.39,220.33555584,0.445250399573788,0.0420564730953649,21,0.051316917,2.41735975,42.35568884012,0.920124045491798,0.0418,0,0.0418,0.037881779232132,1.59698128250244,1,1,0,1,0,1,0.0652,NA,NA,NA
"Mentzelia micrantha","MENMIC","Loasaceae","forb","native","no appendage","none","unassisted","unassisted","CBG",7.6805,7.6805,198.22747972,0.516007388462631,0.0291673770957658,45,0.043801189,2.0561961,33.4380680276653,0.835750675464898,0.031,0,0.031,0.0271141136833561,1.12828214713158,2,2,0,1,0,1,0.1473,NA,NA,NA
"Micropus californicus","MICCAL","Asteraceae","forb","native","elongated appendage","pappus","wind","wind","MCL/SFREC/CBG",8.4658,0.6622,92.842927094,0.438681898066784,0.0198031634446397,17.5,0.004977853,3.9971742,31.7347177120646,1,0,0.0292,0.0292,0.00859094548474322,0.221075351582092,5,5,0,NA,NA,NA,0.33575,NA,NA,NA
"Microseris douglasii","MICDOU","Asteraceae","forb","native","elongated appendage","pappus","adhesive","adhesive","MCL",30.65,21.87,157.79505316,0.503683473389356,0.0233648459383754,9.0964285725,0.156958902,5.8317974,93.9643460695509,1,0.0156,0.062,0.0776,0.0833865217916114,0.619429665056979,6,6,0,NA,NA,1,0.5587,NA,NA,NA
"Microseris douglasii","MICDOU","Asteraceae","forb","native","elongated appendage","pappus","adhesive","adhesive","CP",9.9548,9.2356,193.0888962,NA,NA,9.0964285725,0.152980718,4.68405,101.857559384249,1,0.0468,0.0832,0.13,0.162976243065878,0.501325247560942,6,6,0,NA,NA,1,0.1893,NA,NA,NA
"Microseris elegans","MICELE","Asteraceae","forb","native","elongated appendage","pappus","adhesive","adhesive","CP",4.5395,4.3479,148.16796414,0.472405165456013,0.0356362658057573,6.96,0.138811599,3.329132125,84.7232041509737,1,0.027,0.06588,0.09288,0.133074577210979,0.320807687681508,6,6,0,NA,NA,1,0.1901,NA,NA,NA
"Microsteris gracilis","MICGRA","Polemoniaceae","forb","native","no appendage","none","unknown","unknown","MCL/CBG",8.87675,8.87675,165.90937754,0.470654652445752,0.0295991173225451,7.25,0.076516062,2.24010175,382.2532049577,0.93502551841004,0.0426,0,0.0426,0.0589760184957654,1.24923548139558,2,2,1,1,0,1,0.36225,NA,NA,NA
"Minuartia douglasii","MINDOU","Caryophyllaceae","forb","native","no appendage","none","unassisted","unassisted","MCL/CBG",2.5506,2.5506,122.8000637,0.424280946601942,0.0182797330097087,8.85,0.05803167,1.49118525,62.3327072388421,1.89856883833403,0.0098,0,0.0098,0.01436014463186,0.565491525495578,1,1,0,1,1,0,0.37695,NA,NA,NA
"Mohavea confertiflora","MOHCON","Plantaginaceae","forb","native","flat appendage","","wind","wind","CBG",1.7053,1.7053,116.1965825,0.558076196473552,0.0230793450881612,22.5,0.044969176,1.672875,128.999785304777,0.873656746712346,0.03,0,0.03,0.0362020449159495,0.369427286970025,5,5,0,1,0,0,0.0355,NA,NA,NA
"Monarda citriodora var. austromontana","MONCIT","Lamiaceae","forb","native","no appendage","none","ant","ant","GRIN",4.1776,4.1776,163.90651624,0.536721453287197,0.0337370242214533,65.48,0.024195067,1.3161428,12.6972862951529,0.846851811955112,0.0156,0,0.0156,0.0176898837508155,1.1999799988014,3,3,0,1,0,1,0.2192,NA,NA,NA
"Monardella breweri ssp. lanceolata","MONBRE","Lamiaceae","forb","native","no appendage","none","unassisted","unassisted","CBG",4.402,4.402,166.54839516,0.593591848112243,0.0375785920029733,37,0.040552569,1.3693202,146.156952326655,0.945502579009426,0.0256,0.0314,0.057,0.07266998142925,1.33237873431527,2,2,1,1,0,0,0.399,NA,NA,NA
"Monolopia lanceolata","MONLAN","Asteraceae","forb","native","elongated appendage","hairs","unassisted","unassisted","CP",10.4176,10.4176,158.65854398,0.527965945515138,0.0321317020079012,36,0.090530506,2.993449125,75.849037162221,1,0,0.0692,0.0692,0.0725500116486297,1.09631531206822,2,2,0,NA,NA,1,0.1917,NA,NA,NA
"Monoptilon bellioides","MONBEL","Asteraceae","forb","native","elongated appendage","pappus","wind","wind","SD",1.6732,1.6732,114.43122292,0.507213432353891,0.0320083952211818,25,0.097513961,1.7570728,59.8785938930829,1,0,0.0102,0.0102,0.0200150081164782,0.248985911424164,5,5,0,NA,NA,1,0.1157,NA,NA,NA
"Muhlenbergia microsperma","MUHMIC","Poaceae","grass","native","elongated appendage","awn","adhesive","adhesive","CBG",1.7813,1.7813,179.95187774,0.408617021276596,0.0221780515117581,35,0.178878154,7.8879935,33.0902357579332,0.415835292906165,0,0,0.0064,0.00789191314673365,0.252302120521917,6,6,0,1,1,0,0.2049,NA,NA,NA
"Navarretia atractyloides","NAVATR","Polemoniaceae","forb","native","no appendage","none","ballistic","ballistic","CBG",1.853,1.853,166.31117078,0.486407953816549,0.0329923027581783,17,0.022307177,0.89515432,698.820766909493,1,0.029,0,0.029,0.0474211790507621,1.26215599948451,1,1,1,1,0,1,0.2034,NA,NA,NA
"Navarretia hamata","NAVHAM","Polemoniaceae","forb","native","no appendage","none","ballistic","ballistic","CBG",1.3592,1.3592,161.82431672,0.453612363168062,0.0365936896329684,19,0.025605771,0.96605764,488.14792118592,0.850730838984579,0.0058,0,0.0058,0.0090890592251718,0.79886214571034,1,1,1,1,0,1,0.2041,NA,NA,NA
"Navarretia pubescens","NAVPUB","Polemoniaceae","forb","native","no appendage","none","ballistic","ballistic","MCL",7.1503,7.1503,186.52692222,0.523120923231309,0.0449222277972905,11.3,0.070278317,2.0251759,66.4087186223657,0.902392572761871,0.0228,0,0.0228,0.0257251734587518,1.37565652617551,1,1,0,1,0,1,0.5647,NA,NA,NA
"Nemacladus longiflorus var. breviflorus","NEMLON","Campanulaceae","forb","native","no appendage","none","unassisted","unassisted","CBG",0.2963,0.2963,92.602398556,0.507249760153502,0.021487048289095,7.875,0.006687027,0.43428278,194.530326366445,0.847630862055125,0.0058,0,0.0058,0.0161583284398671,0.661764839231167,1,1,0,1,1,0,0.0869,NA,NA,NA
"Nemophila menziesii","NEMMEN","Boraginaceae","forb","native","no appendage","none","ant","ant","CBG/SS",11.9712,11.9712,184.0069293,0.421207667731629,0.0201533546325879,13.55,0.016463784,1.4978325,90.8878208016398,0.761999136667014,0.0228,0,0.0228,0.020914774056962,2.38946201264382,3,3,0,0,0,1,0.1775,0.04,0.12,0.84
"Osmadenia tenella","OSMTEN","Asteraceae","forb","native","elongated appendage","pappus","wind","wind","CBG",4.1726,4.1726,190.89974618,0.506934561626429,0.0265120711562897,22.5,0.083962249,1.811358,75.2563733740898,1,0,0.009,0.009,0.0128948233731568,0.392605046925364,5,5,0,NA,NA,1,0.1576,NA,NA,NA
"Oxytheca perfoliata","OXYPER","Polygonaceae","forb","native","elongated appendage","hairs","unknown","unknown","CBG",4.7226,4.7226,184.83733738,0.428174556213018,0.0310976331360947,13,0.048529075,1.8301918,85.7943134685064,1.85279555557768,0.0132,0.0112,0.0244,0.0250276802040158,1.12145612526721,2,2,0,1,1,1,0.0937,NA,NA,NA
"Palafoxia arida","PALARI","Asteraceae","forb","native","elongated appendage","pappus","wind","wind","DW",34.6860714285714,34.6860714285714,156.61863282,0.486570697376839,0.0234708893154191,201.17,0.176707446,10.3961996,123.290081354598,1,0,0.0506,0.0506,0.0449542001988575,0.54094386460523,5,5,0,NA,NA,1,0.0578,NA,NA,NA
"Panicum hirticaule var. hirticaule","PANHIR","Poaceae","grass","native","no appendage","none","animal","animal","GRIN",8.9228,8.9228,208.65699892,0.436682679476915,0.0256605284227382,45,0.070712018,2.25118035,14.3854728550056,0.612959180453056,0,0,0.0644,0.0730274713017913,1.42865153055191,6,6,0,1,1,0,0.1409,NA,NA,NA
"Pectis papposa var. papposa","PECPAP","Asteraceae","forb","native","elongated appendage","pappus","wind","wind","CBG",1.6051,1.6051,116.10562794,0.461628664495114,0.0232543677820551,10.5,0.159901771,3.7091297,117.421699438887,1,0,0.013,0.013,0.02309899491831,0.390032363914061,5,5,0,NA,NA,1,0.041,NA,NA,NA
"Pectocarya heterocarpa","PECHET","Boraginaceae","forb","native","elongated appendage","hairs","adhesive","adhesive","SD",4.6937,4.6937,156.3628182,0.448293512034858,0.035549763045241,13.5,0.0379447315,1.99304795,50.3979853002988,1,0.0249,0,0.0249,0.0233731312457395,0.841276544057365,6,6,0,NA,NA,1,0.1157,NA,NA,NA
"Pectocarya penicillata","PECPEN","Boraginaceae","forb","native","flat appendage","wing","adhesive","adhesive","CP",3.5,3.5,145.73495326,0.418228658536585,0.0239756097560976,5.97037037,0.066106964,2.2578274,97.2809986404141,1,0.0088,0,0.0088,0.00932301804952186,0.52826959257585,6,6,0,NA,NA,1,0.2142,NA,NA,NA
"Pectocarya recurvata","PECREC","Boraginaceae","forb","native","elongated appendage","prickles","adhesive","adhesive","SD",5.414,5.414,151.66064222,0.420731981981982,0.0282826576576577,12.25,0.073494908,2.481616,67.6756811807669,1,0.013,0,0.013,0.0130963061757616,0.680520902424515,6,6,0,NA,NA,1,0.1157,NA,NA,NA
"Perityle emoryi","PEREMO","Asteraceae","forb","native","no appendage","none","unassisted","unassisted","CBG",2.2337,2.2337,101.172765472,0.505772569444444,0.0275896990740741,31,0.140789892,3.49641955,54.4903947009369,1,0,0.0128,0.0128,0.0262585497222461,0.335056138185701,2,2,0,NA,NA,0,0.0325,NA,NA,NA
"Phacelia brachyloba","PHABRA","Boraginaceae","forb","native","no appendage","none","unassisted","unassisted","CBG",1.22,1.22,141.75459764,0.520168810289389,0.022398177920686,33.5,0.020294112,0.80652519,32.0180881210293,0.752449344983269,0.024,0,0.024,0.0426442975530027,0.922832029290991,2,2,0,1,0,1,0.1638,NA,NA,NA
"Phacelia calthifolia","PHACAL","Boraginaceae","forb","native","no appendage","none","unassisted","unassisted","CBG",1.5322,1.5322,167.41732648,0.465264175257732,0.0244458762886598,20,0.040816328,1.1167272,67.5316522034021,0.756239877850948,0.02,0,0.02,0.0313415850085175,0.754282208076737,1,1,0,1,0,1,0.035,NA,NA,NA
"Phacelia cicutaria","PHACIC","Boraginaceae","forb","native","no appendage","none","unassisted","unassisted","CBG/SS",6.26825,6.26825,235.37548337,0.478358460048062,0.0211082882660913,39.2166666666667,0.0299595335,1.5366078,59.082302626666,0.800348526522667,0.04,0,0.04,0.0401485696488135,1.32889677408476,2,2,0,1,0,1,0.212533333333333,NA,NA,NA
"Phacelia crenulata","PHACRE","Boraginaceae","forb","native","no appendage","none","ant","ant","CBG",12.0078,12.0078,209.02560542,0.468470522803115,0.0230895439377086,43.5,0.064322391,3.4033591,135.01283197555,0.853791855531524,0.0176,0,0.0176,0.0131076093768561,0.757305024890826,3,3,0,1,0,1,0.0585,NA,NA,NA
"Phacelia davidsonii","PHADAV","Boraginaceae","forb","native","no appendage","none","unassisted","unassisted","CBG",2.2373,2.2373,189.92227438,0.47353855918756,0.0174357346874008,17.5,0.030399695,0.97048909,83.131631163507,0.848846327642941,0.0454,0,0.0454,0.0742386734105034,1.26925327242461,1,1,0,1,0,1,0.3429,NA,NA,NA
"Phacelia distans","PHADIS","Boraginaceae","forb","native","no appendage","none","unassisted","unassisted","DW",7.70883333333333,7.70883333333333,254.2546633,0.454594333547972,0.027269800386349,42.5,0.065248853,2.18470845,81.051049841463,0.831133784822913,0.0416,0,0.0416,0.0481406746427201,1.22046547563738,2,2,0,1,0,1,0.0652,NA,NA,NA
"Phacelia fremontii","PHAFRE","Boraginaceae","forb","native","no appendage","none","unassisted","unassisted","CBG",2.7902,2.7902,183.13516766,0.455918638659931,0.0166232385003988,17.5,0.037838055,1.1920619,72.0113926313058,0.77618212935803,0.035,0,0.035,0.0499878436705314,1.24025000012002,1,1,0,1,0,1,0.1597,NA,NA,NA
"Phacelia grandiflora","PHAGRA","Boraginaceae","forb","native","no appendage","none","unassisted","unassisted","CBG",1.2555,1.2555,154.44362882,0.522109650529016,0.021724911830715,115,0.027527226,0.79323081,137.938157181376,0.805677441527843,0.0086,0,0.0086,0.0167299213320192,1.04602064254045,2,2,0,1,0,1,0.2016,NA,NA,NA
"Phacelia parryi","PHAPAR","Boraginaceae","forb","native","no appendage","none","unassisted","unassisted","CBG",1.9577,1.9577,163.51262548,0.468916839301569,0.0202042024267535,55,0.017850728,0.82868246,86.0919310184796,0.802833305008749,0.0266,0,0.0266,0.0447950765024126,1.34426012120685,2,2,0,1,0,1,0.1956,NA,NA,NA
"Phacelia viscida","PHAVIS","Boraginaceae","forb","native","no appendage","none","unassisted","unassisted","CBG",1.6793,1.6793,165.63174766,0.473654761904762,0.0195029761904762,70.1,0.014449998,0.8862914,92.6112715187968,0.775942988709324,0.0068,0,0.0068,0.0102985502776209,0.991117303717106,2,2,0,1,0,1,0.2185,NA,NA,NA
"Phaseolus acutifolius","PHAACU","Fabaceae","forb","native","no appendage","none","ballistic","ballistic","GRIN",214.05,214.05,252.10750716,0.40773199023199,0.0352167277167277,120,0.042760621,4.06586185,0.618014122185836,0.428104598577148,0.0764,0,0.0764,0.0380582273942224,6.73855932403483,2,2,0,0,1,0,0.247,NA,NA,NA
"Pholistoma auritum","PHOAUR","Boraginaceae","forb","native","no appendage","none","unknown","unknown","CBG",77.99,77.99,257.02434002,0.405053702656868,0.0144007914075749,70,0.001243924,2.4284385,60.945895462037,0.6215525427352,0.05,0,0.05,0.0222543793057773,4.64732715941373,2,2,0,0,1,1,0.224,NA,NA,NA
"Physalis crassifolia","PHYCRA","Solanaceae","forb","native","no appendage","none","animal","animal","CBG",13.6056,13.6056,167.80122758,0.531247896803141,0.02035333707235,25,0.060222926,2.04733325,38.5098619671637,2.52614252471502,0.0146,0,0.0146,0.0161501341246516,1.64410698902249,6,6,0,1,0,0,0.0782,NA,NA,NA
"Plagiobothrys arizonicus","PLAARI","Boraginaceae","forb","native","no appendage","none","unassisted","unassisted","GRIN",14.28,14.28,177.73684264,0.422787493375729,0.0295521992580816,25,0.004580168,1.7903087,42.6747958497171,1,0.0194,0.056,0.0754,0.0491754952115851,1.95370378731225,1,1,0,NA,NA,1,0.1915,NA,NA,NA
"Plagiobothrys nothofulvus","PLANOT","Boraginaceae","forb","native","no appendage","none","unassisted","unassisted","SFREC",38.49,38.49,288.2228627,0.407961765532752,0.0328535282541468,18.0333333333333,0.039249021,3.0311166,34.425797081141,1,0.0348,0.081,0.1158,0.0740265177305976,2.52909015479017,1,1,0,NA,NA,1,0.4725,NA,NA,NA
"Plantago erecta","PLAERE","Plantaginaceae","forb","native","no appendage","none","ant","ant","MCL",19.65,19.65,228.57020986,0.444843962008141,0.0272998643147897,6.42666666666667,0.06830008,2.46167445,1440.39128046059,0.934209607457921,0.0142,0,0.0142,0.015331883505801,2.31389474126971,3,3,1,0,0,0,0.5647,NA,NA,NA
"Plantago insularis","PLAINS","Plantaginaceae","forb","native","no appendage","none","animal","animal","SD",11.3986,11.3986,181.4751735,0.43899173553719,0.0276264462809917,18.5,0.074487095,2.4705374,892.823662739604,0.936243137897552,0.0122,0,0.0122,0.013834395796031,1.40257452270741,6,6,1,1,0,0,0.1157,NA,NA,NA
"Plantago ovata","PLAOVA","Plantaginaceae","forb","native","no appendage","none","unassisted","unassisted","DW",10.3183,10.3183,226.78534466,0.44093624497992,0.0289859437751004,15,0.076275325,2.54365635,1166.72509163871,0.894781996115727,0.0104,0,0.0104,0.0116759101891234,1.22210129743162,1,1,1,1,0,0,0.0583,0.05,0.15,0.79
"Plantago patagonica","PLAPAT","Plantaginaceae","forb","native","no appendage","none","animal","animal","SD",9.7465,9.7465,201.33463794,0.464867028143558,0.0277356054737929,15.24,0.086623154,2.36861385,873.785377788258,0.876066659142405,0.0082,0,0.0082,0.0108847483158805,1.52580223711898,6,6,1,1,0,0,0.1157,NA,NA,NA
"Platystemon californicus","PLACAL","Papaveraceae","forb","native","no appendage","none","unknown","unknown","CBG",4.2968,4.2968,209.29963566,0.484509061401136,0.0187773870705978,7.58,0.009866786,1.240808,68.4356502308698,0.661650812487973,0.0112,0.2274,0.2386,0.243630494634743,1.22647080217961,2,2,0,1,0,1,0.1606,NA,NA,NA
"Polypogon monspeliensis","POLMON","Poaceae","grass","invasive","elongated appendage","awn","human","animal","MD",0.9121,0.9121,156.24091138,0.428350364963504,0.0330656934306569,31.3008889,0.130049818,6.53861485,43.7402601983966,0.441137828804166,0,0,0.006,0.00499614934279777,0.113250055327513,7,6,0,1,1,1,0.075,0.06,0.29,0.65
"Pterostegia drymarioides","PTEDRY","Polygonaceae","forb","native","no appendage","none","unassisted","unassisted","CBG",2.7861,2.7861,181.56365318,0.417788003808315,0.0173183116470962,50,0.031325246,1.2275135,22.9855623529715,0.79453313424344,0.01832,0.0272,0.04552,0.0593758172001203,1.1328190373124,2,2,0,0,1,0,0.1362,NA,NA,NA
"Rafinesquia californica","RAFCAL","Asteraceae","forb","native","elongated appendage","pappus","wind","wind","CBG",13.3838,13.3838,216.59960832,0.482803287981859,0.0246060090702948,85,0.157914269,8.8053051,127.482079083325,1,0.0134,0.0956,0.109,0.0788361413223902,0.645268092167337,5,5,0,NA,NA,1,0.099,NA,NA,NA
"Rigiopappus leptocladus","RIGLEP","Asteraceae","forb","native","elongated appendage","pappus","wind","wind","MCL",6.395,6.395,201.60883782,0.472940813810111,0.031596794081381,11.35,0.16315934,5.056784889,84.351091470294,1,0.0096,0.0278,0.0374,0.051671399350068,0.316937842219768,5,5,0,NA,NA,1,0.5647,NA,NA,NA
"Salvia carduacea","SALCAR","Lamiaceae","forb","native","no appendage","none","animal","animal","SS",28.4,28.4,249.0639575,0.514342766463898,0.0358767521819624,55,0.042483317,2.80732805,1107.15105013713,1,0,0.0652,0.0652,0.046856668541173,2.00631174371408,6,6,1,NA,NA,0,NA,0.3,0.26,0.44
"Salvia columbariae","SALCOL","Lamiaceae","forb","native","no appendage","none","adhesive","adhesive","DW",4.9112,4.9112,231.89654518,0.539534040178571,0.0332979910714286,30,0.028040895,1.4845382,1290.52827986691,1,0,0.0338,0.0338,0.0353115191095964,1.16342087277867,6,6,1,NA,NA,0,0.0652,0.32,0.24,0.44
"Schismus barbatus","SCHBAR","Poaceae","grass","invasive","no appendage","none","unassisted","unassisted","SD",0.6889,0.6889,145.50958484,0.412893603936039,0.0313622386223862,7.2025678,0.030064151,0.77107352,35.3991193596826,0.481752560526166,0,0,0.0038,0.00779550710871268,0.633675648800527,1,1,0,1,1,0,0.1157,NA,NA,NA
"Senecio vulgaris","SENVUL","Asteraceae","forb","invasive","elongated appendage","plume","human","animal","SAC",2.6665,2.5964,148.08113314,0.505591094386955,0.0320006271558482,27.71091345,0.136812813,2.9424875,918.975358163713,1,0.00988,0.02128,0.03116,0.0491716587498876,0.55503596316651,7,6,0,NA,NA,1,0.2556,NA,NA,NA
"Sesbania herbacea","SESHER","Fabaceae","forb","native","no appendage","none","unassisted","unassisted","CBG",74.72,74.72,286.92134042,0.399805501528202,0.0534287302028341,298.7,0.075387494,3.6958352,74.481023453811,0.954442895323409,0.0476,0,0.0476,0.0352176658914834,3.87236101084709,2,2,0,0,0,0,0.0315,0.04,0.41,0.54
"Sidalcea diploscypha","SIDDIP","Malvaceae","forb","native","no appendage","none","unassisted","unassisted","MCL",49.7,49.7,252.79774504,0.436444174757282,0.0274302184466019,18.8,0.011907247,2.8472112,418.775867893417,0.875052977130376,0.132,0,0.132,0.0615434682215406,2.71700078450801,1,1,1,1,1,1,0.5486,NA,NA,NA
"Silene gallica","SILGAL","Caryophyllaceae","forb","invasive","no appendage","none","human","adhesive","MCL",2.6986,2.6986,195.89486242,0.46760621761658,0.028594127806563,32.344375,0.015012493,0.999293615,20.3594675235801,2.41814045528836,0.0234,0,0.0234,0.0330026882382016,1.15711156756021,7,6,0,1,1,1,0.5647,NA,NA,NA
"Sisymbrium altissimum","SISALT","Brassicaceae","forb","invasive","no appendage","none","human","wind","MD",2.4799,2.4799,189.09555674,0.565666126418152,0.0467455429497569,63.9672390466667,0.02891701,0.9704891,44.6168132925966,1,0.0068,0,0.0068,0.0109605996905146,1.28439678182653,7,5,0,NA,NA,0,0.1233,0.34,0.31,0.35
"Sisymbrium irio","SISIRI","Brassicaceae","forb","invasive","no appendage","none","human","wind","MD",0.9582,0.9582,161.52717282,0.54655321603692,0.0529535621574849,35.6498039333333,0.050031236,0.86856558,79.0501386513189,1,0.0072,0,0.0072,0.0157742501491105,0.8083768016544,7,5,0,NA,NA,0,0.0923,0.23,0.37,0.4
"Sisymbrium orientale","SISORI","Brassicaceae","forb","invasive","no appendage","none","human","wind","MD",2.5547,2.5547,193.19456844,0.564574003276898,0.0394292736209721,54.8026316,0.035916107,0.952763275,81.2296887818622,1,0.0088,0,0.0088,0.0165483559509242,1.57762390683607,7,5,0,NA,NA,0,0.075,NA,NA,NA
"Spergularia platensis","SPEPLA","Caryophyllaceae","forb","invasive","no appendage","none","unknown","unknown","CBG",0.479,0.479,121.92697496,0.438269648959304,0.0339763901832867,12,0.052053052,0.59824672,139.123694074801,1.8770317058947,0.0082,0,0.0082,0.0298452802473635,0.711959136720385,2,2,0,1,1,0,0.1386,NA,NA,NA
"Stephanomeria exigua","STEEXI","Asteraceae","forb","native","elongated appendage","none","wind","wind","CBG",5.2771,5.2771,187.19050588,0.479165644171779,0.0278895705521472,105,0.12058785,3.2460423,125.517603449336,1,0.0126,0.0444,0.057,0.0779550705540572,0.624904392150307,5,5,0,NA,NA,1,0.0439,NA,NA,NA
"Stipa capensis","STICAP","Poaceae","grass","invasive","elongated appendage","awn","adhesive","adhesive","MD",34.6,8.2285,145.81722722,0.436613039796782,0.0164690939881456,15.9449573,0.167421456,5.6057932,56.7597007947639,0.484539300594582,0,0,0.01,0.0135125395150571,3.03316884090521,6,6,0,1,1,1,0.0641,NA,NA,NA
"Streptanthella longirostris","STRLON","Brassicaceae","forb","native","no appendage","none","unknown","unknown","DW",1.4438,1.4438,130.28884148,0.487796201386795,0.0322821826952065,40,0.065855149,1.4978325,62.9651137883962,1,0.0496,0,0.0496,0.0726799146227871,0.506764744235644,2,2,0,NA,NA,1,0.0583,NA,NA,NA
"Streptanthus insignis","STRINS","Brassicaceae","forb","native","flat appendage","wing","wind","wind","CBG",4.8087,4.8087,188.23572654,0.511237738026544,0.0351240623196769,36,0.074035004,1.885585,164.315955237538,1,0.0094,0,0.0094,0.0149380177940079,0.898207931443328,5,5,1,NA,NA,0,0.1131,NA,NA,NA
"Streptanthus polygaloides","STRPOL","Brassicaceae","forb","native","no appendage","none","unassisted","unassisted","CBG",2.1318,2.1318,160.7347348,0.565049887351142,0.0408046346958481,50,0.08607488,1.3072798,63.0957339239346,1,0.0144,0,0.0144,0.0391505483768373,0.917012020901439,2,2,0,NA,NA,0,0.3346,NA,NA,NA
"Stylocline micropoides","STYMIC","Asteraceae","forb","native","elongated appendage","pappus","wind","wind","SD",1.064,1.064,136.5761436,0.546947150870977,0.0513610865072335,8,0.069453891,1.1255899,34.3343676282009,1,0,0.0068,0.0068,0.0137007492818893,0.690382105212779,5,5,0,NA,NA,0,0.1157,NA,NA,NA
"Thysanocarpus curvipes","THYCUR","Brassicaceae","forb","native","flat appendage","wing","wind","wind","MCL/CBG",13.59,6.2866,106.740265352,0.445615006150062,0.0122662976629766,36.6,0.109505502,5.65453925,106.840356338669,1,0.01,0.0192,0.0292,0.0209848901747867,0.272241466762502,5,5,0,1,0,0,0.443666666666667,NA,NA,NA
"Tidestromia suffruticosa var. oblongifolia","TIDSUF","Amaranthaceae","forb","native","no appendage","none","unknown","unknown","CBG",4.7804,4.7804,224.66617692,0.470626535626536,0.0365970515970516,35,0.019606816,1.17433605,50.8932872215676,2.58812001978096,0.0086,0,0.0086,0.0110895482439127,1.58626576037193,2,2,0,1,1,0,0.0392,NA,NA,NA
"Trichoptilium incisum","TRIINC","Asteraceae","forb","native","elongated appendage","pappus","wind","wind","CBG",6.2464,3.8929,163.2845826,0.492938483547926,0.0339113018597997,15,0.090666536,2.57024505,131.969920194843,1,0.01,0.0206,0.0306,0.0354111701481151,0.273410443097112,5,5,0,NA,NA,1,0.0325,NA,NA,NA
"Trichostema austromontanum ssp. austromontanum","TRIAUS","Lamiaceae","forb","native","no appendage","none","unassisted","unassisted","CBG",3.0974,3.0974,175.05144074,0.504719175805916,0.0295879029577933,50,0.027323323,1.3648887,106.661862918124,0.79731838571254,0.0682,0,0.0682,0.0769498618281737,0.905224571387242,2,2,0,NA,NA,1,0.4158,NA,NA,NA
"Trichostema lanceolatum","TRILAN","Lamiaceae","forb","native","no appendage","none","unassisted","unassisted","CBG",17.85,17.85,186.2639175,0.504540399084069,0.026368989205103,100,0.015203699,2.4904789,40.7854393300922,0.696518355944285,0.1226,0,0.1226,0.0666646765140073,1.56566196837093,2,2,0,NA,NA,1,0.1444,NA,NA,NA
"Trifolium albopurpureum","TRIALB","Fabaceae","forb","native","no appendage","none","unassisted","unassisted","MCL",22.6,22.6,223.61081896,0.457014294996751,0.0499220272904483,15.464285715,0.049395339,2.34202515,64.8546537690234,0.967488087201245,0.043,0,0.043,0.037177602317171,2.50902817167916,1,1,0,0,0,0,0.5647,NA,NA,NA
"Trifolium depauperatum","TRIDEP","Fabaceae","forb","native","no appendage","none","unassisted","unassisted","CP",12.69,12.69,223.9420217,0.437908496732026,0.0370494864612512,17.78,0.016127056,1.53328415,3.45644087889686,0.98607702977211,0.0286,0,0.0286,0.0266688374727379,2.42513833034902,1,1,0,0,0,1,0.1893,NA,NA,NA
"Trifolium fucatum","TRIFUC","Fabaceae","forb","native","no appendage","none","unassisted","unassisted","MCL",51.1,51.1,225.6863751,0.416624787775891,0.0266519524617997,24.7,0.033546111,2.6500114,51.645151800012,0.969824080155124,0.0384,0,0.0384,0.0248290015670074,3.13101379824914,1,1,0,0,0,1,0.5647,NA,NA,NA
"Trifolium gracilentum","TRIGRA","Fabaceae","forb","native","no appendage","none","unassisted","unassisted","CP/MCL",14.83,14.83,214.02046174,0.397250615763547,0.0313269704433498,9.228333335,0.024672902,1.83683905,74.6270915572578,0.980952420402948,0.0348,0,0.0348,0.030203648097296,2.14416745823507,1,1,0,0,0,0,0.377,NA,NA,NA
"Trifolium hirtum","TRIHIR","Fabaceae","forb","invasive","no appendage","none","human","animal","MCL/SFREC",52.12,30.48,247.18742854,0.415070197830249,0.0322271857051691,15.274759625,0.014113514,2.06949055,6.65803855883256,0.951074037839748,0.0372,0,0.0372,0.0252847319097939,0.78254028310782,7,6,0,0,0,1,0.54,0.05,0.36,0.6
"Trifolium microcephalum","TRIMIC","Fabaceae","forb","native","no appendage","none","unassisted","unassisted","CBG",9.1815,9.1815,271.33102472,0.455049234135667,0.0570404814004376,10.925,0.029339154,1.58646175,37.2420188795218,1,0.0274,0,0.0274,0.028892839873435,1.87918784732995,1,1,0,0,0,0,0.2197,NA,NA,NA
"Trifolium willdenovii","TRIWIL","Fabaceae","forb","native","no appendage","none","unassisted","unassisted","MCL",20.01,20.01,274.78183492,0.412323379461034,0.0408630735615441,24.65,0.029070834,1.9010952,78.4144876352743,0.987370696781749,0.026,0,0.026,0.0230084138229595,2.78935836226497,1,1,0,0,0,0,0.5587,NA,NA,NA
"Tropidocarpum gracile","TROGRA","Brassicaceae","forb","native","no appendage","none","unassisted","unassisted","CP",2.3154,2.3154,205.00471224,0.494738154613466,0.0333073566084788,27.5,0.071826593,1.29398553,392.393362087976,0.940458708220033,0.0138,0,0.0138,0.0296580943956539,0.970572887332693,1,1,1,1,0,0,0.2142,NA,NA,NA
"Uropappus lindleyi","UROLIN","Asteraceae","forb","native","elongated appendage","pappus","wind","wind","MCL",17.4,16.44,194.36351606,0.443190266982089,0.0217100371747212,18.8949275366667,0.195065582,10.7462828,100.497909368054,1,0,0.06,0.06,0.0884938823515426,0.227345111865816,5,5,0,NA,NA,1,0.5527,NA,NA,NA
"Uropappus lindleyi","UROLIN","Asteraceae","forb","native","elongated appendage","pappus","wind","wind","CP",19.55,19.87,165.24366122,NA,NA,18.8949275366667,0.187647104,9.564561333,96.3704435355865,1,0,0.1096,0.1096,0.141327258155912,0.294810662790467,5,5,0,NA,NA,1,0.1901,NA,NA,NA
"Vicia villosa","VICVIL","Fabaceae","forb","invasive","no appendage","none","ballistic","ballistic","MCL",350.77,350.77,335.12162736,0.392607868020305,0.0282011421319797,56.355576925,0.007833353,4.0968822,14.5163922050233,0.979401758073963,0.1116,0,0.1116,0.0345453916230892,7.8317239580074,2,2,0,0,1,0,0.5647,0.01,0.3,0.69
"Volutaria tubuliflora","VOLTUB","Asteraceae","forb","invasive","elongated appendage","pappus","human","wind","DW",11.283,8.93014285714286,150.253039198,0.495817893065114,0.0316146109052409,150,0.087855888,3.116791389,120.029488958362,1,0.04,0.0214,0.0614,0.0608289740886403,0.421277315958323,7,5,0,NA,NA,1,0.0572,NA,NA,NA
"Xanthisma gracile","XANGRA","Asteraceae","forb","native","elongated appendage","plume","wind","wind","GRIN",2.6038,2.39375,116.800253127,0.508647450110865,0.0332178492239468,21.65,0.115161203,2.098611679,71.3221780999673,1,0.0078,0.0398,0.0476,0.0905900164693792,0.2179485037523,5,5,0,NA,NA,1,0.11215,NA,NA,NA
"Zeltnera trichantha","ZELTRI","Gentianaceae","forb","native","no appendage","none","wind","wind","MCL",0.2842,0.2842,144.98451502,0.542019230769231,0.0471212121212121,6.825,0.015437114,0.57165798,417.262435277141,0.763584228661668,0.0072,0,0.0072,0.0171026090030034,0.399339990198887,5,5,0,1,0,1,0.5647,NA,NA,NA
